ngan_hang,rate12,updated_at_vn,updated_at_webgia
Agribank,4.7,,
Bắc Á,6.85,,
Bảo Việt,5.8,,
BIDV,5.2,,
GPBank,5.2,,
Hong Leong,4.6,,
Indovina,5.8,,
Kiên Long,5.5,,
MSB,5.3,,
MB,4.85,,
OCB,6.5,,
oceanbank,5.7,,
PGBank,7.2,,
PublicBank,6.2,,
PVcomBank,9.0,,
Saigonbank,6.3,,
SCB,3.7,,
SeABank,4.5,,
VCBNeo,5.3,,
VietCapitalBank,6.45,,
Vietcombank,4.6,,
VietinBank,5.2,,
VPBank,5.8,,
VRB,6.2,,
Agribank,4.7,2026-02-06 10:49:06,2026-02-06 10:40:22
Bắc Á,6.85,2026-02-06 10:49:06,2026-02-06 10:40:22
Bảo Việt,5.8,2026-02-06 10:49:06,2026-02-06 10:40:22
BIDV,5.2,2026-02-06 10:49:06,2026-02-06 10:40:22
GPBank,5.2,2026-02-06 10:49:06,2026-02-06 10:40:22
Hong Leong,4.6,2026-02-06 10:49:06,2026-02-06 10:40:22
Indovina,5.8,2026-02-06 10:49:06,2026-02-06 10:40:22
Kiên Long,5.5,2026-02-06 10:49:06,2026-02-06 10:40:22
MSB,5.3,2026-02-06 10:49:06,2026-02-06 10:40:22
MB,4.85,2026-02-06 10:49:06,2026-02-06 10:40:22
OCB,6.5,2026-02-06 10:49:06,2026-02-06 10:40:22
oceanbank,5.7,2026-02-06 10:49:06,2026-02-06 10:40:22
PGBank,7.2,2026-02-06 10:49:06,2026-02-06 10:40:22
PublicBank,6.2,2026-02-06 10:49:06,2026-02-06 10:40:22
PVcomBank,9.0,2026-02-06 10:49:06,2026-02-06 10:40:22
Saigonbank,6.3,2026-02-06 10:49:06,2026-02-06 10:40:22
SCB,3.7,2026-02-06 10:49:06,2026-02-06 10:40:22
SeABank,4.5,2026-02-06 10:49:06,2026-02-06 10:40:22
VCBNeo,5.3,2026-02-06 10:49:06,2026-02-06 10:40:22
VietCapitalBank,6.45,2026-02-06 10:49:06,2026-02-06 10:40:22
Vietcombank,4.6,2026-02-06 10:49:06,2026-02-06 10:40:22
VietinBank,5.2,2026-02-06 10:49:06,2026-02-06 10:40:22
VPBank,5.8,2026-02-06 10:49:06,2026-02-06 10:40:22
VRB,6.2,2026-02-06 10:49:06,2026-02-06 10:40:22
Agribank,4.7,2026-02-06 11:18:51,2026-02-06 11:10:23
Bắc Á,6.85,2026-02-06 11:18:51,2026-02-06 11:10:23
Bảo Việt,5.8,2026-02-06 11:18:51,2026-02-06 11:10:23
BIDV,5.2,2026-02-06 11:18:51,2026-02-06 11:10:23
GPBank,5.2,2026-02-06 11:18:51,2026-02-06 11:10:23
Hong Leong,4.6,2026-02-06 11:18:51,2026-02-06 11:10:23
Indovina,5.8,2026-02-06 11:18:51,2026-02-06 11:10:23
Kiên Long,5.5,2026-02-06 11:18:51,2026-02-06 11:10:23
MSB,5.3,2026-02-06 11:18:51,2026-02-06 11:10:23
MB,4.85,2026-02-06 11:18:51,2026-02-06 11:10:23
OCB,6.5,2026-02-06 11:18:51,2026-02-06 11:10:23
oceanbank,5.7,2026-02-06 11:18:51,2026-02-06 11:10:23
PGBank,7.2,2026-02-06 11:18:51,2026-02-06 11:10:23
PublicBank,6.2,2026-02-06 11:18:51,2026-02-06 11:10:23
PVcomBank,9.0,2026-02-06 11:18:51,2026-02-06 11:10:23
Saigonbank,6.3,2026-02-06 11:18:51,2026-02-06 11:10:23
SCB,3.7,2026-02-06 11:18:51,2026-02-06 11:10:23
SeABank,4.5,2026-02-06 11:18:51,2026-02-06 11:10:23
VCBNeo,5.3,2026-02-06 11:18:51,2026-02-06 11:10:23
VietCapitalBank,6.45,2026-02-06 11:18:51,2026-02-06 11:10:23
Vietcombank,4.6,2026-02-06 11:18:51,2026-02-06 11:10:23
VietinBank,5.2,2026-02-06 11:18:51,2026-02-06 11:10:23
VPBank,5.8,2026-02-06 11:18:51,2026-02-06 11:10:23
VRB,6.2,2026-02-06 11:18:51,2026-02-06 11:10:23
Agribank,4.7,2026-02-06 12:33:20,2026-02-06 12:30:23
Bắc Á,6.85,2026-02-06 12:33:20,2026-02-06 12:30:23
Bảo Việt,5.8,2026-02-06 12:33:20,2026-02-06 12:30:23
BIDV,5.2,2026-02-06 12:33:20,2026-02-06 12:30:23
GPBank,5.2,2026-02-06 12:33:20,2026-02-06 12:30:23
Hong Leong,4.6,2026-02-06 12:33:20,2026-02-06 12:30:23
Indovina,5.8,2026-02-06 12:33:20,2026-02-06 12:30:23
Kiên Long,5.5,2026-02-06 12:33:20,2026-02-06 12:30:23
MSB,5.3,2026-02-06 12:33:20,2026-02-06 12:30:23
MB,4.85,2026-02-06 12:33:20,2026-02-06 12:30:23
OCB,6.5,2026-02-06 12:33:20,2026-02-06 12:30:23
oceanbank,5.7,2026-02-06 12:33:20,2026-02-06 12:30:23
PGBank,7.2,2026-02-06 12:33:20,2026-02-06 12:30:23
PublicBank,6.2,2026-02-06 12:33:20,2026-02-06 12:30:23
PVcomBank,9.0,2026-02-06 12:33:20,2026-02-06 12:30:23
Saigonbank,6.3,2026-02-06 12:33:20,2026-02-06 12:30:23
SCB,3.7,2026-02-06 12:33:20,2026-02-06 12:30:23
SeABank,4.5,2026-02-06 12:33:20,2026-02-06 12:30:23
VCBNeo,5.3,2026-02-06 12:33:20,2026-02-06 12:30:23
VietCapitalBank,6.45,2026-02-06 12:33:20,2026-02-06 12:30:23
Vietcombank,4.6,2026-02-06 12:33:20,2026-02-06 12:30:23
VietinBank,5.2,2026-02-06 12:33:20,2026-02-06 12:30:23
VPBank,5.8,2026-02-06 12:33:20,2026-02-06 12:30:23
VRB,6.2,2026-02-06 12:33:20,2026-02-06 12:30:23
Agribank,4.7,2026-02-06 13:08:53,2026-02-06 13:00:23
Bắc Á,6.85,2026-02-06 13:08:53,2026-02-06 13:00:23
Bảo Việt,5.8,2026-02-06 13:08:53,2026-02-06 13:00:23
BIDV,5.2,2026-02-06 13:08:53,2026-02-06 13:00:23
GPBank,5.2,2026-02-06 13:08:53,2026-02-06 13:00:23
Hong Leong,4.6,2026-02-06 13:08:53,2026-02-06 13:00:23
Indovina,5.8,2026-02-06 13:08:53,2026-02-06 13:00:23
Kiên Long,5.5,2026-02-06 13:08:53,2026-02-06 13:00:23
MSB,5.3,2026-02-06 13:08:53,2026-02-06 13:00:23
MB,4.85,2026-02-06 13:08:53,2026-02-06 13:00:23
OCB,6.5,2026-02-06 13:08:53,2026-02-06 13:00:23
oceanbank,5.7,2026-02-06 13:08:53,2026-02-06 13:00:23
PGBank,7.2,2026-02-06 13:08:53,2026-02-06 13:00:23
PublicBank,6.2,2026-02-06 13:08:53,2026-02-06 13:00:23
PVcomBank,9.0,2026-02-06 13:08:53,2026-02-06 13:00:23
Saigonbank,6.3,2026-02-06 13:08:53,2026-02-06 13:00:23
SCB,3.7,2026-02-06 13:08:53,2026-02-06 13:00:23
SeABank,4.5,2026-02-06 13:08:53,2026-02-06 13:00:23
VCBNeo,5.3,2026-02-06 13:08:53,2026-02-06 13:00:23
VietCapitalBank,6.45,2026-02-06 13:08:53,2026-02-06 13:00:23
Vietcombank,4.6,2026-02-06 13:08:53,2026-02-06 13:00:23
VietinBank,5.2,2026-02-06 13:08:53,2026-02-06 13:00:23
VPBank,5.8,2026-02-06 13:08:53,2026-02-06 13:00:23
VRB,6.2,2026-02-06 13:08:53,2026-02-06 13:00:23
Agribank,4.7,2026-02-06 14:16:36,2026-02-06 14:10:23
Bắc Á,6.85,2026-02-06 14:16:36,2026-02-06 14:10:23
Bảo Việt,5.8,2026-02-06 14:16:36,2026-02-06 14:10:23
BIDV,5.2,2026-02-06 14:16:36,2026-02-06 14:10:23
GPBank,5.2,2026-02-06 14:16:36,2026-02-06 14:10:23
Hong Leong,4.6,2026-02-06 14:16:36,2026-02-06 14:10:23
Indovina,5.8,2026-02-06 14:16:36,2026-02-06 14:10:23
Kiên Long,5.5,2026-02-06 14:16:36,2026-02-06 14:10:23
MSB,5.3,2026-02-06 14:16:36,2026-02-06 14:10:23
MB,4.85,2026-02-06 14:16:36,2026-02-06 14:10:23
OCB,6.5,2026-02-06 14:16:36,2026-02-06 14:10:23
oceanbank,5.7,2026-02-06 14:16:36,2026-02-06 14:10:23
PGBank,7.2,2026-02-06 14:16:36,2026-02-06 14:10:23
PublicBank,6.2,2026-02-06 14:16:36,2026-02-06 14:10:23
PVcomBank,9.0,2026-02-06 14:16:36,2026-02-06 14:10:23
Saigonbank,6.3,2026-02-06 14:16:36,2026-02-06 14:10:23
SCB,3.7,2026-02-06 14:16:36,2026-02-06 14:10:23
SeABank,4.5,2026-02-06 14:16:36,2026-02-06 14:10:23
VCBNeo,5.3,2026-02-06 14:16:36,2026-02-06 14:10:23
VietCapitalBank,6.45,2026-02-06 14:16:36,2026-02-06 14:10:23
Vietcombank,4.6,2026-02-06 14:16:36,2026-02-06 14:10:23
VietinBank,5.2,2026-02-06 14:16:36,2026-02-06 14:10:23
VPBank,5.8,2026-02-06 14:16:36,2026-02-06 14:10:23
VRB,6.2,2026-02-06 14:16:36,2026-02-06 14:10:23
Agribank,4.7,2026-02-06 15:00:44,2026-02-06 15:00:23
Bắc Á,6.85,2026-02-06 15:00:44,2026-02-06 15:00:23
Bảo Việt,5.8,2026-02-06 15:00:44,2026-02-06 15:00:23
BIDV,5.2,2026-02-06 15:00:44,2026-02-06 15:00:23
GPBank,5.2,2026-02-06 15:00:44,2026-02-06 15:00:23
Hong Leong,4.6,2026-02-06 15:00:44,2026-02-06 15:00:23
Indovina,5.8,2026-02-06 15:00:44,2026-02-06 15:00:23
Kiên Long,5.5,2026-02-06 15:00:44,2026-02-06 15:00:23
MSB,5.3,2026-02-06 15:00:44,2026-02-06 15:00:23
MB,4.85,2026-02-06 15:00:44,2026-02-06 15:00:23
OCB,6.5,2026-02-06 15:00:44,2026-02-06 15:00:23
oceanbank,5.7,2026-02-06 15:00:44,2026-02-06 15:00:23
PGBank,7.2,2026-02-06 15:00:44,2026-02-06 15:00:23
PublicBank,6.2,2026-02-06 15:00:44,2026-02-06 15:00:23
PVcomBank,9.0,2026-02-06 15:00:44,2026-02-06 15:00:23
Saigonbank,6.3,2026-02-06 15:00:44,2026-02-06 15:00:23
SCB,3.7,2026-02-06 15:00:44,2026-02-06 15:00:23
SeABank,4.5,2026-02-06 15:00:44,2026-02-06 15:00:23
VCBNeo,5.3,2026-02-06 15:00:44,2026-02-06 15:00:23
VietCapitalBank,6.45,2026-02-06 15:00:44,2026-02-06 15:00:23
Vietcombank,4.6,2026-02-06 15:00:44,2026-02-06 15:00:23
VietinBank,5.2,2026-02-06 15:00:44,2026-02-06 15:00:23
VPBank,5.8,2026-02-06 15:00:44,2026-02-06 15:00:23
VRB,6.2,2026-02-06 15:00:44,2026-02-06 15:00:23
Agribank,4.7,2026-02-06 15:43:32,2026-02-06 15:40:23
Bắc Á,6.85,2026-02-06 15:43:32,2026-02-06 15:40:23
Bảo Việt,5.8,2026-02-06 15:43:32,2026-02-06 15:40:23
BIDV,5.2,2026-02-06 15:43:32,2026-02-06 15:40:23
GPBank,5.2,2026-02-06 15:43:32,2026-02-06 15:40:23
Hong Leong,4.6,2026-02-06 15:43:32,2026-02-06 15:40:23
Indovina,5.8,2026-02-06 15:43:32,2026-02-06 15:40:23
Kiên Long,5.5,2026-02-06 15:43:32,2026-02-06 15:40:23
MSB,5.3,2026-02-06 15:43:32,2026-02-06 15:40:23
MB,4.85,2026-02-06 15:43:32,2026-02-06 15:40:23
OCB,6.5,2026-02-06 15:43:32,2026-02-06 15:40:23
oceanbank,5.7,2026-02-06 15:43:32,2026-02-06 15:40:23
PGBank,7.2,2026-02-06 15:43:32,2026-02-06 15:40:23
PublicBank,6.2,2026-02-06 15:43:32,2026-02-06 15:40:23
PVcomBank,9.0,2026-02-06 15:43:32,2026-02-06 15:40:23
Saigonbank,6.3,2026-02-06 15:43:32,2026-02-06 15:40:23
SCB,3.7,2026-02-06 15:43:32,2026-02-06 15:40:23
SeABank,4.5,2026-02-06 15:43:32,2026-02-06 15:40:23
VCBNeo,5.3,2026-02-06 15:43:32,2026-02-06 15:40:23
VietCapitalBank,6.45,2026-02-06 15:43:32,2026-02-06 15:40:23
Vietcombank,4.6,2026-02-06 15:43:32,2026-02-06 15:40:23
VietinBank,5.2,2026-02-06 15:43:32,2026-02-06 15:40:23
VPBank,5.8,2026-02-06 15:43:32,2026-02-06 15:40:23
VRB,6.2,2026-02-06 15:43:32,2026-02-06 15:40:23
Agribank,4.7,2026-02-06 16:32:32,2026-02-06 16:30:23
Bắc Á,6.85,2026-02-06 16:32:32,2026-02-06 16:30:23
Bảo Việt,5.8,2026-02-06 16:32:32,2026-02-06 16:30:23
BIDV,5.2,2026-02-06 16:32:32,2026-02-06 16:30:23
GPBank,5.2,2026-02-06 16:32:32,2026-02-06 16:30:23
Hong Leong,4.6,2026-02-06 16:32:32,2026-02-06 16:30:23
Indovina,5.8,2026-02-06 16:32:32,2026-02-06 16:30:23
Kiên Long,5.5,2026-02-06 16:32:32,2026-02-06 16:30:23
MSB,5.3,2026-02-06 16:32:32,2026-02-06 16:30:23
MB,4.85,2026-02-06 16:32:32,2026-02-06 16:30:23
OCB,6.5,2026-02-06 16:32:32,2026-02-06 16:30:23
oceanbank,5.7,2026-02-06 16:32:32,2026-02-06 16:30:23
PGBank,7.2,2026-02-06 16:32:32,2026-02-06 16:30:23
PublicBank,6.2,2026-02-06 16:32:32,2026-02-06 16:30:23
PVcomBank,9.0,2026-02-06 16:32:32,2026-02-06 16:30:23
Saigonbank,6.3,2026-02-06 16:32:32,2026-02-06 16:30:23
SCB,3.7,2026-02-06 16:32:32,2026-02-06 16:30:23
SeABank,4.5,2026-02-06 16:32:32,2026-02-06 16:30:23
VCBNeo,5.3,2026-02-06 16:32:32,2026-02-06 16:30:23
VietCapitalBank,6.45,2026-02-06 16:32:32,2026-02-06 16:30:23
Vietcombank,4.6,2026-02-06 16:32:32,2026-02-06 16:30:23
VietinBank,5.2,2026-02-06 16:32:32,2026-02-06 16:30:23
VPBank,5.8,2026-02-06 16:32:32,2026-02-06 16:30:23
VRB,6.2,2026-02-06 16:32:32,2026-02-06 16:30:23
Agribank,4.7,2026-02-06 17:28:14,2026-02-06 17:20:23
Bắc Á,6.85,2026-02-06 17:28:14,2026-02-06 17:20:23
Bảo Việt,5.8,2026-02-06 17:28:14,2026-02-06 17:20:23
BIDV,5.2,2026-02-06 17:28:14,2026-02-06 17:20:23
GPBank,5.2,2026-02-06 17:28:14,2026-02-06 17:20:23
Hong Leong,4.6,2026-02-06 17:28:14,2026-02-06 17:20:23
Indovina,5.8,2026-02-06 17:28:14,2026-02-06 17:20:23
Kiên Long,5.5,2026-02-06 17:28:14,2026-02-06 17:20:23
MSB,5.3,2026-02-06 17:28:14,2026-02-06 17:20:23
MB,4.85,2026-02-06 17:28:14,2026-02-06 17:20:23
OCB,6.5,2026-02-06 17:28:14,2026-02-06 17:20:23
oceanbank,5.7,2026-02-06 17:28:14,2026-02-06 17:20:23
PGBank,7.2,2026-02-06 17:28:14,2026-02-06 17:20:23
PublicBank,6.2,2026-02-06 17:28:14,2026-02-06 17:20:23
PVcomBank,9.0,2026-02-06 17:28:14,2026-02-06 17:20:23
Saigonbank,6.3,2026-02-06 17:28:14,2026-02-06 17:20:23
SCB,3.7,2026-02-06 17:28:14,2026-02-06 17:20:23
SeABank,4.5,2026-02-06 17:28:14,2026-02-06 17:20:23
VCBNeo,5.3,2026-02-06 17:28:14,2026-02-06 17:20:23
VietCapitalBank,6.45,2026-02-06 17:28:14,2026-02-06 17:20:23
Vietcombank,4.6,2026-02-06 17:28:14,2026-02-06 17:20:23
VietinBank,5.2,2026-02-06 17:28:14,2026-02-06 17:20:23
VPBank,5.8,2026-02-06 17:28:14,2026-02-06 17:20:23
VRB,6.2,2026-02-06 17:28:14,2026-02-06 17:20:23
Agribank,4.7,2026-02-06 18:07:06,2026-02-06 18:00:23
Bắc Á,6.85,2026-02-06 18:07:06,2026-02-06 18:00:23
Bảo Việt,5.8,2026-02-06 18:07:06,2026-02-06 18:00:23
BIDV,5.2,2026-02-06 18:07:06,2026-02-06 18:00:23
GPBank,5.2,2026-02-06 18:07:06,2026-02-06 18:00:23
Hong Leong,4.6,2026-02-06 18:07:06,2026-02-06 18:00:23
Indovina,5.8,2026-02-06 18:07:06,2026-02-06 18:00:23
Kiên Long,5.5,2026-02-06 18:07:06,2026-02-06 18:00:23
MSB,5.3,2026-02-06 18:07:06,2026-02-06 18:00:23
MB,4.85,2026-02-06 18:07:06,2026-02-06 18:00:23
OCB,6.5,2026-02-06 18:07:06,2026-02-06 18:00:23
oceanbank,5.7,2026-02-06 18:07:06,2026-02-06 18:00:23
PGBank,7.2,2026-02-06 18:07:06,2026-02-06 18:00:23
PublicBank,6.2,2026-02-06 18:07:06,2026-02-06 18:00:23
PVcomBank,9.0,2026-02-06 18:07:06,2026-02-06 18:00:23
Saigonbank,6.3,2026-02-06 18:07:06,2026-02-06 18:00:23
SCB,3.7,2026-02-06 18:07:06,2026-02-06 18:00:23
SeABank,4.5,2026-02-06 18:07:06,2026-02-06 18:00:23
VCBNeo,5.3,2026-02-06 18:07:06,2026-02-06 18:00:23
VietCapitalBank,6.45,2026-02-06 18:07:06,2026-02-06 18:00:23
Vietcombank,4.6,2026-02-06 18:07:06,2026-02-06 18:00:23
VietinBank,5.2,2026-02-06 18:07:06,2026-02-06 18:00:23
VPBank,5.8,2026-02-06 18:07:06,2026-02-06 18:00:23
VRB,6.2,2026-02-06 18:07:06,2026-02-06 18:00:23
Agribank,4.7,2026-02-06 18:51:54,2026-02-06 18:50:23
Bắc Á,6.85,2026-02-06 18:51:54,2026-02-06 18:50:23
Bảo Việt,5.8,2026-02-06 18:51:54,2026-02-06 18:50:23
BIDV,5.2,2026-02-06 18:51:54,2026-02-06 18:50:23
GPBank,5.2,2026-02-06 18:51:54,2026-02-06 18:50:23
Hong Leong,4.6,2026-02-06 18:51:54,2026-02-06 18:50:23
Indovina,5.8,2026-02-06 18:51:54,2026-02-06 18:50:23
Kiên Long,5.5,2026-02-06 18:51:54,2026-02-06 18:50:23
MSB,5.3,2026-02-06 18:51:54,2026-02-06 18:50:23
MB,4.85,2026-02-06 18:51:54,2026-02-06 18:50:23
OCB,6.5,2026-02-06 18:51:54,2026-02-06 18:50:23
oceanbank,5.7,2026-02-06 18:51:54,2026-02-06 18:50:23
PGBank,7.2,2026-02-06 18:51:54,2026-02-06 18:50:23
PublicBank,6.2,2026-02-06 18:51:54,2026-02-06 18:50:23
PVcomBank,9.0,2026-02-06 18:51:54,2026-02-06 18:50:23
Saigonbank,6.3,2026-02-06 18:51:54,2026-02-06 18:50:23
SCB,3.7,2026-02-06 18:51:54,2026-02-06 18:50:23
SeABank,4.5,2026-02-06 18:51:54,2026-02-06 18:50:23
VCBNeo,5.3,2026-02-06 18:51:54,2026-02-06 18:50:23
VietCapitalBank,6.45,2026-02-06 18:51:54,2026-02-06 18:50:23
Vietcombank,4.6,2026-02-06 18:51:54,2026-02-06 18:50:23
VietinBank,5.2,2026-02-06 18:51:54,2026-02-06 18:50:23
VPBank,5.8,2026-02-06 18:51:54,2026-02-06 18:50:23
VRB,6.2,2026-02-06 18:51:54,2026-02-06 18:50:23
Agribank,4.7,2026-02-06 19:30:31,2026-02-06 18:50:23
Bắc Á,6.85,2026-02-06 19:30:31,2026-02-06 18:50:23
Bảo Việt,5.8,2026-02-06 19:30:31,2026-02-06 18:50:23
BIDV,5.2,2026-02-06 19:30:31,2026-02-06 18:50:23
GPBank,5.2,2026-02-06 19:30:31,2026-02-06 18:50:23
Hong Leong,4.6,2026-02-06 19:30:31,2026-02-06 18:50:23
Indovina,5.8,2026-02-06 19:30:31,2026-02-06 18:50:23
Kiên Long,5.5,2026-02-06 19:30:31,2026-02-06 18:50:23
MSB,5.3,2026-02-06 19:30:31,2026-02-06 18:50:23
MB,4.85,2026-02-06 19:30:31,2026-02-06 18:50:23
OCB,6.5,2026-02-06 19:30:31,2026-02-06 18:50:23
oceanbank,5.7,2026-02-06 19:30:31,2026-02-06 18:50:23
PGBank,7.2,2026-02-06 19:30:31,2026-02-06 18:50:23
PublicBank,6.2,2026-02-06 19:30:31,2026-02-06 18:50:23
PVcomBank,9.0,2026-02-06 19:30:31,2026-02-06 18:50:23
Saigonbank,6.3,2026-02-06 19:30:31,2026-02-06 18:50:23
SCB,3.7,2026-02-06 19:30:31,2026-02-06 18:50:23
SeABank,4.5,2026-02-06 19:30:31,2026-02-06 18:50:23
VCBNeo,5.3,2026-02-06 19:30:31,2026-02-06 18:50:23
VietCapitalBank,6.45,2026-02-06 19:30:31,2026-02-06 18:50:23
Vietcombank,4.6,2026-02-06 19:30:31,2026-02-06 18:50:23
VietinBank,5.2,2026-02-06 19:30:31,2026-02-06 18:50:23
VPBank,5.8,2026-02-06 19:30:31,2026-02-06 18:50:23
VRB,6.2,2026-02-06 19:30:31,2026-02-06 18:50:23
Agribank,4.7,2026-02-06 20:41:52,2026-02-06 18:50:23
Bắc Á,6.85,2026-02-06 20:41:52,2026-02-06 18:50:23
Bảo Việt,5.8,2026-02-06 20:41:52,2026-02-06 18:50:23
BIDV,5.2,2026-02-06 20:41:52,2026-02-06 18:50:23
GPBank,5.2,2026-02-06 20:41:52,2026-02-06 18:50:23
Hong Leong,4.6,2026-02-06 20:41:52,2026-02-06 18:50:23
Indovina,5.8,2026-02-06 20:41:52,2026-02-06 18:50:23
Kiên Long,5.5,2026-02-06 20:41:52,2026-02-06 18:50:23
MSB,5.3,2026-02-06 20:41:52,2026-02-06 18:50:23
MB,4.85,2026-02-06 20:41:52,2026-02-06 18:50:23
OCB,6.5,2026-02-06 20:41:52,2026-02-06 18:50:23
oceanbank,5.7,2026-02-06 20:41:52,2026-02-06 18:50:23
PGBank,7.2,2026-02-06 20:41:52,2026-02-06 18:50:23
PublicBank,6.2,2026-02-06 20:41:52,2026-02-06 18:50:23
PVcomBank,9.0,2026-02-06 20:41:52,2026-02-06 18:50:23
Saigonbank,6.3,2026-02-06 20:41:52,2026-02-06 18:50:23
SCB,3.7,2026-02-06 20:41:52,2026-02-06 18:50:23
SeABank,4.5,2026-02-06 20:41:52,2026-02-06 18:50:23
VCBNeo,5.3,2026-02-06 20:41:52,2026-02-06 18:50:23
VietCapitalBank,6.45,2026-02-06 20:41:52,2026-02-06 18:50:23
Vietcombank,4.6,2026-02-06 20:41:52,2026-02-06 18:50:23
VietinBank,5.2,2026-02-06 20:41:52,2026-02-06 18:50:23
VPBank,5.8,2026-02-06 20:41:52,2026-02-06 18:50:23
VRB,6.2,2026-02-06 20:41:52,2026-02-06 18:50:23
Agribank,4.7,2026-02-06 21:33:28,2026-02-06 18:50:23
Bắc Á,6.85,2026-02-06 21:33:28,2026-02-06 18:50:23
Bảo Việt,5.8,2026-02-06 21:33:28,2026-02-06 18:50:23
BIDV,5.2,2026-02-06 21:33:28,2026-02-06 18:50:23
GPBank,5.2,2026-02-06 21:33:28,2026-02-06 18:50:23
Hong Leong,4.6,2026-02-06 21:33:28,2026-02-06 18:50:23
Indovina,5.8,2026-02-06 21:33:28,2026-02-06 18:50:23
Kiên Long,5.5,2026-02-06 21:33:28,2026-02-06 18:50:23
MSB,5.3,2026-02-06 21:33:28,2026-02-06 18:50:23
MB,4.85,2026-02-06 21:33:28,2026-02-06 18:50:23
OCB,6.5,2026-02-06 21:33:28,2026-02-06 18:50:23
oceanbank,5.7,2026-02-06 21:33:28,2026-02-06 18:50:23
PGBank,7.2,2026-02-06 21:33:28,2026-02-06 18:50:23
PublicBank,6.2,2026-02-06 21:33:28,2026-02-06 18:50:23
PVcomBank,9.0,2026-02-06 21:33:28,2026-02-06 18:50:23
Saigonbank,6.3,2026-02-06 21:33:28,2026-02-06 18:50:23
SCB,3.7,2026-02-06 21:33:28,2026-02-06 18:50:23
SeABank,4.5,2026-02-06 21:33:28,2026-02-06 18:50:23
VCBNeo,5.3,2026-02-06 21:33:28,2026-02-06 18:50:23
VietCapitalBank,6.45,2026-02-06 21:33:28,2026-02-06 18:50:23
Vietcombank,4.6,2026-02-06 21:33:28,2026-02-06 18:50:23
VietinBank,5.2,2026-02-06 21:33:28,2026-02-06 18:50:23
VPBank,5.8,2026-02-06 21:33:28,2026-02-06 18:50:23
VRB,6.2,2026-02-06 21:33:28,2026-02-06 18:50:23
Agribank,4.7,2026-02-06 22:29:25,2026-02-06 18:50:23
Bắc Á,6.85,2026-02-06 22:29:25,2026-02-06 18:50:23
Bảo Việt,5.8,2026-02-06 22:29:25,2026-02-06 18:50:23
BIDV,5.2,2026-02-06 22:29:25,2026-02-06 18:50:23
GPBank,5.2,2026-02-06 22:29:25,2026-02-06 18:50:23
Hong Leong,4.6,2026-02-06 22:29:25,2026-02-06 18:50:23
Indovina,5.8,2026-02-06 22:29:25,2026-02-06 18:50:23
Kiên Long,5.5,2026-02-06 22:29:25,2026-02-06 18:50:23
MSB,5.3,2026-02-06 22:29:25,2026-02-06 18:50:23
MB,4.85,2026-02-06 22:29:25,2026-02-06 18:50:23
OCB,6.5,2026-02-06 22:29:25,2026-02-06 18:50:23
oceanbank,5.7,2026-02-06 22:29:25,2026-02-06 18:50:23
PGBank,7.2,2026-02-06 22:29:25,2026-02-06 18:50:23
PublicBank,6.2,2026-02-06 22:29:25,2026-02-06 18:50:23
PVcomBank,9.0,2026-02-06 22:29:25,2026-02-06 18:50:23
Saigonbank,6.3,2026-02-06 22:29:25,2026-02-06 18:50:23
SCB,3.7,2026-02-06 22:29:25,2026-02-06 18:50:23
SeABank,4.5,2026-02-06 22:29:25,2026-02-06 18:50:23
VCBNeo,5.3,2026-02-06 22:29:25,2026-02-06 18:50:23
VietCapitalBank,6.45,2026-02-06 22:29:25,2026-02-06 18:50:23
Vietcombank,4.6,2026-02-06 22:29:25,2026-02-06 18:50:23
VietinBank,5.2,2026-02-06 22:29:25,2026-02-06 18:50:23
VPBank,5.8,2026-02-06 22:29:25,2026-02-06 18:50:23
VRB,6.2,2026-02-06 22:29:25,2026-02-06 18:50:23
Agribank,4.7,2026-02-06 23:04:29,2026-02-06 18:50:23
Bắc Á,6.85,2026-02-06 23:04:29,2026-02-06 18:50:23
Bảo Việt,5.8,2026-02-06 23:04:29,2026-02-06 18:50:23
BIDV,5.2,2026-02-06 23:04:29,2026-02-06 18:50:23
GPBank,5.2,2026-02-06 23:04:29,2026-02-06 18:50:23
Hong Leong,4.6,2026-02-06 23:04:29,2026-02-06 18:50:23
Indovina,5.8,2026-02-06 23:04:29,2026-02-06 18:50:23
Kiên Long,5.5,2026-02-06 23:04:29,2026-02-06 18:50:23
MSB,5.3,2026-02-06 23:04:29,2026-02-06 18:50:23
MB,4.85,2026-02-06 23:04:29,2026-02-06 18:50:23
OCB,6.5,2026-02-06 23:04:29,2026-02-06 18:50:23
oceanbank,5.7,2026-02-06 23:04:29,2026-02-06 18:50:23
PGBank,7.2,2026-02-06 23:04:29,2026-02-06 18:50:23
PublicBank,6.2,2026-02-06 23:04:29,2026-02-06 18:50:23
PVcomBank,9.0,2026-02-06 23:04:29,2026-02-06 18:50:23
Saigonbank,6.3,2026-02-06 23:04:29,2026-02-06 18:50:23
SCB,3.7,2026-02-06 23:04:29,2026-02-06 18:50:23
SeABank,4.5,2026-02-06 23:04:29,2026-02-06 18:50:23
VCBNeo,5.3,2026-02-06 23:04:29,2026-02-06 18:50:23
VietCapitalBank,6.45,2026-02-06 23:04:29,2026-02-06 18:50:23
Vietcombank,4.6,2026-02-06 23:04:29,2026-02-06 18:50:23
VietinBank,5.2,2026-02-06 23:04:29,2026-02-06 18:50:23
VPBank,5.8,2026-02-06 23:04:29,2026-02-06 18:50:23
VRB,6.2,2026-02-06 23:04:29,2026-02-06 18:50:23
Agribank,4.7,2026-02-07 00:08:51,2026-02-06 18:50:23
Bắc Á,6.85,2026-02-07 00:08:51,2026-02-06 18:50:23
Bảo Việt,5.8,2026-02-07 00:08:51,2026-02-06 18:50:23
BIDV,5.2,2026-02-07 00:08:51,2026-02-06 18:50:23
GPBank,5.2,2026-02-07 00:08:51,2026-02-06 18:50:23
Hong Leong,4.6,2026-02-07 00:08:51,2026-02-06 18:50:23
Indovina,5.8,2026-02-07 00:08:51,2026-02-06 18:50:23
Kiên Long,5.5,2026-02-07 00:08:51,2026-02-06 18:50:23
MSB,5.3,2026-02-07 00:08:51,2026-02-06 18:50:23
MB,4.85,2026-02-07 00:08:51,2026-02-06 18:50:23
OCB,6.5,2026-02-07 00:08:51,2026-02-06 18:50:23
oceanbank,5.7,2026-02-07 00:08:51,2026-02-06 18:50:23
PGBank,7.2,2026-02-07 00:08:51,2026-02-06 18:50:23
PublicBank,6.2,2026-02-07 00:08:51,2026-02-06 18:50:23
PVcomBank,9.0,2026-02-07 00:08:51,2026-02-06 18:50:23
Saigonbank,6.3,2026-02-07 00:08:51,2026-02-06 18:50:23
SCB,3.7,2026-02-07 00:08:51,2026-02-06 18:50:23
SeABank,4.5,2026-02-07 00:08:51,2026-02-06 18:50:23
VCBNeo,5.3,2026-02-07 00:08:51,2026-02-06 18:50:23
VietCapitalBank,6.45,2026-02-07 00:08:51,2026-02-06 18:50:23
Vietcombank,4.6,2026-02-07 00:08:51,2026-02-06 18:50:23
VietinBank,5.2,2026-02-07 00:08:51,2026-02-06 18:50:23
VPBank,5.8,2026-02-07 00:08:51,2026-02-06 18:50:23
VRB,6.2,2026-02-07 00:08:51,2026-02-06 18:50:23
Agribank,4.7,2026-02-07 01:03:45,2026-02-06 18:50:23
Bắc Á,6.85,2026-02-07 01:03:45,2026-02-06 18:50:23
Bảo Việt,5.8,2026-02-07 01:03:45,2026-02-06 18:50:23
BIDV,5.2,2026-02-07 01:03:45,2026-02-06 18:50:23
GPBank,5.2,2026-02-07 01:03:45,2026-02-06 18:50:23
Hong Leong,4.6,2026-02-07 01:03:45,2026-02-06 18:50:23
Indovina,5.8,2026-02-07 01:03:45,2026-02-06 18:50:23
Kiên Long,5.5,2026-02-07 01:03:45,2026-02-06 18:50:23
MSB,5.3,2026-02-07 01:03:45,2026-02-06 18:50:23
MB,4.85,2026-02-07 01:03:45,2026-02-06 18:50:23
OCB,6.5,2026-02-07 01:03:45,2026-02-06 18:50:23
oceanbank,5.7,2026-02-07 01:03:45,2026-02-06 18:50:23
PGBank,7.2,2026-02-07 01:03:45,2026-02-06 18:50:23
PublicBank,6.2,2026-02-07 01:03:45,2026-02-06 18:50:23
PVcomBank,9.0,2026-02-07 01:03:45,2026-02-06 18:50:23
Saigonbank,6.3,2026-02-07 01:03:45,2026-02-06 18:50:23
SCB,3.7,2026-02-07 01:03:45,2026-02-06 18:50:23
SeABank,4.5,2026-02-07 01:03:45,2026-02-06 18:50:23
VCBNeo,5.3,2026-02-07 01:03:45,2026-02-06 18:50:23
VietCapitalBank,6.45,2026-02-07 01:03:45,2026-02-06 18:50:23
Vietcombank,4.6,2026-02-07 01:03:45,2026-02-06 18:50:23
VietinBank,5.2,2026-02-07 01:03:45,2026-02-06 18:50:23
VPBank,5.8,2026-02-07 01:03:45,2026-02-06 18:50:23
VRB,6.2,2026-02-07 01:03:45,2026-02-06 18:50:23
Agribank,4.7,2026-02-07 02:11:23,2026-02-06 18:50:23
Bắc Á,6.85,2026-02-07 02:11:23,2026-02-06 18:50:23
Bảo Việt,5.8,2026-02-07 02:11:23,2026-02-06 18:50:23
BIDV,5.2,2026-02-07 02:11:23,2026-02-06 18:50:23
GPBank,5.2,2026-02-07 02:11:23,2026-02-06 18:50:23
Hong Leong,4.6,2026-02-07 02:11:23,2026-02-06 18:50:23
Indovina,5.8,2026-02-07 02:11:23,2026-02-06 18:50:23
Kiên Long,5.5,2026-02-07 02:11:23,2026-02-06 18:50:23
MSB,5.3,2026-02-07 02:11:23,2026-02-06 18:50:23
MB,4.85,2026-02-07 02:11:23,2026-02-06 18:50:23
OCB,6.5,2026-02-07 02:11:23,2026-02-06 18:50:23
oceanbank,5.7,2026-02-07 02:11:23,2026-02-06 18:50:23
PGBank,7.2,2026-02-07 02:11:23,2026-02-06 18:50:23
PublicBank,6.2,2026-02-07 02:11:23,2026-02-06 18:50:23
PVcomBank,9.0,2026-02-07 02:11:23,2026-02-06 18:50:23
Saigonbank,6.3,2026-02-07 02:11:23,2026-02-06 18:50:23
SCB,3.7,2026-02-07 02:11:23,2026-02-06 18:50:23
SeABank,4.5,2026-02-07 02:11:23,2026-02-06 18:50:23
VCBNeo,5.3,2026-02-07 02:11:23,2026-02-06 18:50:23
VietCapitalBank,6.45,2026-02-07 02:11:23,2026-02-06 18:50:23
Vietcombank,4.6,2026-02-07 02:11:23,2026-02-06 18:50:23
VietinBank,5.2,2026-02-07 02:11:23,2026-02-06 18:50:23
VPBank,5.8,2026-02-07 02:11:23,2026-02-06 18:50:23
VRB,6.2,2026-02-07 02:11:23,2026-02-06 18:50:23
Agribank,4.7,2026-02-07 02:53:10,2026-02-06 18:50:23
Bắc Á,6.85,2026-02-07 02:53:10,2026-02-06 18:50:23
Bảo Việt,5.8,2026-02-07 02:53:10,2026-02-06 18:50:23
BIDV,5.2,2026-02-07 02:53:10,2026-02-06 18:50:23
GPBank,5.2,2026-02-07 02:53:10,2026-02-06 18:50:23
Hong Leong,4.6,2026-02-07 02:53:10,2026-02-06 18:50:23
Indovina,5.8,2026-02-07 02:53:10,2026-02-06 18:50:23
Kiên Long,5.5,2026-02-07 02:53:10,2026-02-06 18:50:23
MSB,5.3,2026-02-07 02:53:10,2026-02-06 18:50:23
MB,4.85,2026-02-07 02:53:10,2026-02-06 18:50:23
OCB,6.5,2026-02-07 02:53:10,2026-02-06 18:50:23
oceanbank,5.7,2026-02-07 02:53:10,2026-02-06 18:50:23
PGBank,7.2,2026-02-07 02:53:10,2026-02-06 18:50:23
PublicBank,6.2,2026-02-07 02:53:10,2026-02-06 18:50:23
PVcomBank,9.0,2026-02-07 02:53:10,2026-02-06 18:50:23
Saigonbank,6.3,2026-02-07 02:53:10,2026-02-06 18:50:23
SCB,3.7,2026-02-07 02:53:10,2026-02-06 18:50:23
SeABank,4.5,2026-02-07 02:53:10,2026-02-06 18:50:23
VCBNeo,5.3,2026-02-07 02:53:10,2026-02-06 18:50:23
VietCapitalBank,6.45,2026-02-07 02:53:10,2026-02-06 18:50:23
Vietcombank,4.6,2026-02-07 02:53:10,2026-02-06 18:50:23
VietinBank,5.2,2026-02-07 02:53:10,2026-02-06 18:50:23
VPBank,5.8,2026-02-07 02:53:10,2026-02-06 18:50:23
VRB,6.2,2026-02-07 02:53:10,2026-02-06 18:50:23
Agribank,4.7,2026-02-07 03:20:29,2026-02-06 18:50:23
Bắc Á,6.85,2026-02-07 03:20:29,2026-02-06 18:50:23
Bảo Việt,5.8,2026-02-07 03:20:29,2026-02-06 18:50:23
BIDV,5.2,2026-02-07 03:20:29,2026-02-06 18:50:23
GPBank,5.2,2026-02-07 03:20:29,2026-02-06 18:50:23
Hong Leong,4.6,2026-02-07 03:20:29,2026-02-06 18:50:23
Indovina,5.8,2026-02-07 03:20:29,2026-02-06 18:50:23
Kiên Long,5.5,2026-02-07 03:20:29,2026-02-06 18:50:23
MSB,5.3,2026-02-07 03:20:29,2026-02-06 18:50:23
MB,4.85,2026-02-07 03:20:29,2026-02-06 18:50:23
OCB,6.5,2026-02-07 03:20:29,2026-02-06 18:50:23
oceanbank,5.7,2026-02-07 03:20:29,2026-02-06 18:50:23
PGBank,7.2,2026-02-07 03:20:29,2026-02-06 18:50:23
PublicBank,6.2,2026-02-07 03:20:29,2026-02-06 18:50:23
PVcomBank,9.0,2026-02-07 03:20:29,2026-02-06 18:50:23
Saigonbank,6.3,2026-02-07 03:20:29,2026-02-06 18:50:23
SCB,3.7,2026-02-07 03:20:29,2026-02-06 18:50:23
SeABank,4.5,2026-02-07 03:20:29,2026-02-06 18:50:23
VCBNeo,5.3,2026-02-07 03:20:29,2026-02-06 18:50:23
VietCapitalBank,6.45,2026-02-07 03:20:29,2026-02-06 18:50:23
Vietcombank,4.6,2026-02-07 03:20:29,2026-02-06 18:50:23
VietinBank,5.2,2026-02-07 03:20:29,2026-02-06 18:50:23
VPBank,5.8,2026-02-07 03:20:29,2026-02-06 18:50:23
VRB,6.2,2026-02-07 03:20:29,2026-02-06 18:50:23
Agribank,4.7,2026-02-07 03:55:58,2026-02-06 18:50:23
Bắc Á,6.85,2026-02-07 03:55:58,2026-02-06 18:50:23
Bảo Việt,5.8,2026-02-07 03:55:58,2026-02-06 18:50:23
BIDV,5.2,2026-02-07 03:55:58,2026-02-06 18:50:23
GPBank,5.2,2026-02-07 03:55:58,2026-02-06 18:50:23
Hong Leong,4.6,2026-02-07 03:55:58,2026-02-06 18:50:23
Indovina,5.8,2026-02-07 03:55:58,2026-02-06 18:50:23
Kiên Long,5.5,2026-02-07 03:55:58,2026-02-06 18:50:23
MSB,5.3,2026-02-07 03:55:58,2026-02-06 18:50:23
MB,4.85,2026-02-07 03:55:58,2026-02-06 18:50:23
OCB,6.5,2026-02-07 03:55:58,2026-02-06 18:50:23
oceanbank,5.7,2026-02-07 03:55:58,2026-02-06 18:50:23
PGBank,7.2,2026-02-07 03:55:58,2026-02-06 18:50:23
PublicBank,6.2,2026-02-07 03:55:58,2026-02-06 18:50:23
PVcomBank,9.0,2026-02-07 03:55:58,2026-02-06 18:50:23
Saigonbank,6.3,2026-02-07 03:55:58,2026-02-06 18:50:23
SCB,3.7,2026-02-07 03:55:58,2026-02-06 18:50:23
SeABank,4.5,2026-02-07 03:55:58,2026-02-06 18:50:23
VCBNeo,5.3,2026-02-07 03:55:58,2026-02-06 18:50:23
VietCapitalBank,6.45,2026-02-07 03:55:58,2026-02-06 18:50:23
Vietcombank,4.6,2026-02-07 03:55:58,2026-02-06 18:50:23
VietinBank,5.2,2026-02-07 03:55:58,2026-02-06 18:50:23
VPBank,5.8,2026-02-07 03:55:58,2026-02-06 18:50:23
VRB,6.2,2026-02-07 03:55:58,2026-02-06 18:50:23
Agribank,4.7,2026-02-07 04:19:38,2026-02-06 18:50:23
Bắc Á,6.85,2026-02-07 04:19:38,2026-02-06 18:50:23
Bảo Việt,5.8,2026-02-07 04:19:38,2026-02-06 18:50:23
BIDV,5.2,2026-02-07 04:19:38,2026-02-06 18:50:23
GPBank,5.2,2026-02-07 04:19:38,2026-02-06 18:50:23
Hong Leong,4.6,2026-02-07 04:19:38,2026-02-06 18:50:23
Indovina,5.8,2026-02-07 04:19:38,2026-02-06 18:50:23
Kiên Long,5.5,2026-02-07 04:19:38,2026-02-06 18:50:23
MSB,5.3,2026-02-07 04:19:38,2026-02-06 18:50:23
MB,4.85,2026-02-07 04:19:38,2026-02-06 18:50:23
OCB,6.5,2026-02-07 04:19:38,2026-02-06 18:50:23
oceanbank,5.7,2026-02-07 04:19:38,2026-02-06 18:50:23
PGBank,7.2,2026-02-07 04:19:38,2026-02-06 18:50:23
PublicBank,6.2,2026-02-07 04:19:38,2026-02-06 18:50:23
PVcomBank,9.0,2026-02-07 04:19:38,2026-02-06 18:50:23
Saigonbank,6.3,2026-02-07 04:19:38,2026-02-06 18:50:23
SCB,3.7,2026-02-07 04:19:38,2026-02-06 18:50:23
SeABank,4.5,2026-02-07 04:19:38,2026-02-06 18:50:23
VCBNeo,5.3,2026-02-07 04:19:38,2026-02-06 18:50:23
VietCapitalBank,6.45,2026-02-07 04:19:38,2026-02-06 18:50:23
Vietcombank,4.6,2026-02-07 04:19:38,2026-02-06 18:50:23
VietinBank,5.2,2026-02-07 04:19:38,2026-02-06 18:50:23
VPBank,5.8,2026-02-07 04:19:38,2026-02-06 18:50:23
VRB,6.2,2026-02-07 04:19:38,2026-02-06 18:50:23
Agribank,4.7,2026-02-07 04:50:20,2026-02-06 18:50:23
Bắc Á,6.85,2026-02-07 04:50:20,2026-02-06 18:50:23
Bảo Việt,5.8,2026-02-07 04:50:20,2026-02-06 18:50:23
BIDV,5.2,2026-02-07 04:50:20,2026-02-06 18:50:23
GPBank,5.2,2026-02-07 04:50:20,2026-02-06 18:50:23
Hong Leong,4.6,2026-02-07 04:50:20,2026-02-06 18:50:23
Indovina,5.8,2026-02-07 04:50:20,2026-02-06 18:50:23
Kiên Long,5.5,2026-02-07 04:50:20,2026-02-06 18:50:23
MSB,5.3,2026-02-07 04:50:20,2026-02-06 18:50:23
MB,4.85,2026-02-07 04:50:20,2026-02-06 18:50:23
OCB,6.5,2026-02-07 04:50:20,2026-02-06 18:50:23
oceanbank,5.7,2026-02-07 04:50:20,2026-02-06 18:50:23
PGBank,7.2,2026-02-07 04:50:20,2026-02-06 18:50:23
PublicBank,6.2,2026-02-07 04:50:20,2026-02-06 18:50:23
PVcomBank,9.0,2026-02-07 04:50:20,2026-02-06 18:50:23
Saigonbank,6.3,2026-02-07 04:50:20,2026-02-06 18:50:23
SCB,3.7,2026-02-07 04:50:20,2026-02-06 18:50:23
SeABank,4.5,2026-02-07 04:50:20,2026-02-06 18:50:23
VCBNeo,5.3,2026-02-07 04:50:20,2026-02-06 18:50:23
VietCapitalBank,6.45,2026-02-07 04:50:20,2026-02-06 18:50:23
Vietcombank,4.6,2026-02-07 04:50:20,2026-02-06 18:50:23
VietinBank,5.2,2026-02-07 04:50:20,2026-02-06 18:50:23
VPBank,5.8,2026-02-07 04:50:20,2026-02-06 18:50:23
VRB,6.2,2026-02-07 04:50:20,2026-02-06 18:50:23
Agribank,4.7,2026-02-07 05:11:22,2026-02-06 18:50:23
Bắc Á,6.85,2026-02-07 05:11:22,2026-02-06 18:50:23
Bảo Việt,5.8,2026-02-07 05:11:22,2026-02-06 18:50:23
BIDV,5.2,2026-02-07 05:11:22,2026-02-06 18:50:23
GPBank,5.2,2026-02-07 05:11:22,2026-02-06 18:50:23
Hong Leong,4.6,2026-02-07 05:11:22,2026-02-06 18:50:23
Indovina,5.8,2026-02-07 05:11:22,2026-02-06 18:50:23
Kiên Long,5.5,2026-02-07 05:11:22,2026-02-06 18:50:23
MSB,5.3,2026-02-07 05:11:22,2026-02-06 18:50:23
MB,4.85,2026-02-07 05:11:22,2026-02-06 18:50:23
OCB,6.5,2026-02-07 05:11:22,2026-02-06 18:50:23
oceanbank,5.7,2026-02-07 05:11:22,2026-02-06 18:50:23
PGBank,7.2,2026-02-07 05:11:22,2026-02-06 18:50:23
PublicBank,6.2,2026-02-07 05:11:22,2026-02-06 18:50:23
PVcomBank,9.0,2026-02-07 05:11:22,2026-02-06 18:50:23
Saigonbank,6.3,2026-02-07 05:11:22,2026-02-06 18:50:23
SCB,3.7,2026-02-07 05:11:22,2026-02-06 18:50:23
SeABank,4.5,2026-02-07 05:11:22,2026-02-06 18:50:23
VCBNeo,5.3,2026-02-07 05:11:22,2026-02-06 18:50:23
VietCapitalBank,6.45,2026-02-07 05:11:22,2026-02-06 18:50:23
Vietcombank,4.6,2026-02-07 05:11:22,2026-02-06 18:50:23
VietinBank,5.2,2026-02-07 05:11:22,2026-02-06 18:50:23
VPBank,5.8,2026-02-07 05:11:22,2026-02-06 18:50:23
VRB,6.2,2026-02-07 05:11:22,2026-02-06 18:50:23
Agribank,4.7,2026-02-07 05:48:03,2026-02-06 18:50:23
Bắc Á,6.85,2026-02-07 05:48:03,2026-02-06 18:50:23
Bảo Việt,5.8,2026-02-07 05:48:03,2026-02-06 18:50:23
BIDV,5.2,2026-02-07 05:48:03,2026-02-06 18:50:23
GPBank,5.2,2026-02-07 05:48:03,2026-02-06 18:50:23
Hong Leong,4.6,2026-02-07 05:48:03,2026-02-06 18:50:23
Indovina,5.8,2026-02-07 05:48:03,2026-02-06 18:50:23
Kiên Long,5.5,2026-02-07 05:48:03,2026-02-06 18:50:23
MSB,5.3,2026-02-07 05:48:03,2026-02-06 18:50:23
MB,4.85,2026-02-07 05:48:03,2026-02-06 18:50:23
OCB,6.5,2026-02-07 05:48:03,2026-02-06 18:50:23
oceanbank,5.7,2026-02-07 05:48:03,2026-02-06 18:50:23
PGBank,7.2,2026-02-07 05:48:03,2026-02-06 18:50:23
PublicBank,6.2,2026-02-07 05:48:03,2026-02-06 18:50:23
PVcomBank,9.0,2026-02-07 05:48:03,2026-02-06 18:50:23
Saigonbank,6.3,2026-02-07 05:48:03,2026-02-06 18:50:23
SCB,3.7,2026-02-07 05:48:03,2026-02-06 18:50:23
SeABank,4.5,2026-02-07 05:48:03,2026-02-06 18:50:23
VCBNeo,5.3,2026-02-07 05:48:03,2026-02-06 18:50:23
VietCapitalBank,6.45,2026-02-07 05:48:03,2026-02-06 18:50:23
Vietcombank,4.6,2026-02-07 05:48:03,2026-02-06 18:50:23
VietinBank,5.2,2026-02-07 05:48:03,2026-02-06 18:50:23
VPBank,5.8,2026-02-07 05:48:03,2026-02-06 18:50:23
VRB,6.2,2026-02-07 05:48:03,2026-02-06 18:50:23
Agribank,4.7,2026-02-07 06:15:01,2026-02-06 18:50:23
Bắc Á,6.85,2026-02-07 06:15:01,2026-02-06 18:50:23
Bảo Việt,5.8,2026-02-07 06:15:01,2026-02-06 18:50:23
BIDV,5.2,2026-02-07 06:15:01,2026-02-06 18:50:23
GPBank,5.2,2026-02-07 06:15:01,2026-02-06 18:50:23
Hong Leong,4.6,2026-02-07 06:15:01,2026-02-06 18:50:23
Indovina,5.8,2026-02-07 06:15:01,2026-02-06 18:50:23
Kiên Long,5.5,2026-02-07 06:15:01,2026-02-06 18:50:23
MSB,5.3,2026-02-07 06:15:01,2026-02-06 18:50:23
MB,4.85,2026-02-07 06:15:01,2026-02-06 18:50:23
OCB,6.5,2026-02-07 06:15:01,2026-02-06 18:50:23
oceanbank,5.7,2026-02-07 06:15:01,2026-02-06 18:50:23
PGBank,7.2,2026-02-07 06:15:01,2026-02-06 18:50:23
PublicBank,6.2,2026-02-07 06:15:01,2026-02-06 18:50:23
PVcomBank,9.0,2026-02-07 06:15:01,2026-02-06 18:50:23
Saigonbank,6.3,2026-02-07 06:15:01,2026-02-06 18:50:23
SCB,3.7,2026-02-07 06:15:01,2026-02-06 18:50:23
SeABank,4.5,2026-02-07 06:15:01,2026-02-06 18:50:23
VCBNeo,5.3,2026-02-07 06:15:01,2026-02-06 18:50:23
VietCapitalBank,6.45,2026-02-07 06:15:01,2026-02-06 18:50:23
Vietcombank,4.6,2026-02-07 06:15:01,2026-02-06 18:50:23
VietinBank,5.2,2026-02-07 06:15:01,2026-02-06 18:50:23
VPBank,5.8,2026-02-07 06:15:01,2026-02-06 18:50:23
VRB,6.2,2026-02-07 06:15:01,2026-02-06 18:50:23
Agribank,4.7,2026-02-07 06:45:57,2026-02-06 18:50:23
Bắc Á,6.85,2026-02-07 06:45:57,2026-02-06 18:50:23
Bảo Việt,5.8,2026-02-07 06:45:57,2026-02-06 18:50:23
BIDV,5.2,2026-02-07 06:45:57,2026-02-06 18:50:23
GPBank,5.2,2026-02-07 06:45:57,2026-02-06 18:50:23
Hong Leong,4.6,2026-02-07 06:45:57,2026-02-06 18:50:23
Indovina,5.8,2026-02-07 06:45:57,2026-02-06 18:50:23
Kiên Long,5.5,2026-02-07 06:45:57,2026-02-06 18:50:23
MSB,5.3,2026-02-07 06:45:57,2026-02-06 18:50:23
MB,4.85,2026-02-07 06:45:57,2026-02-06 18:50:23
OCB,6.5,2026-02-07 06:45:57,2026-02-06 18:50:23
oceanbank,5.7,2026-02-07 06:45:57,2026-02-06 18:50:23
PGBank,7.2,2026-02-07 06:45:57,2026-02-06 18:50:23
PublicBank,6.2,2026-02-07 06:45:57,2026-02-06 18:50:23
PVcomBank,9.0,2026-02-07 06:45:57,2026-02-06 18:50:23
Saigonbank,6.3,2026-02-07 06:45:57,2026-02-06 18:50:23
SCB,3.7,2026-02-07 06:45:57,2026-02-06 18:50:23
SeABank,4.5,2026-02-07 06:45:57,2026-02-06 18:50:23
VCBNeo,5.3,2026-02-07 06:45:57,2026-02-06 18:50:23
VietCapitalBank,6.45,2026-02-07 06:45:57,2026-02-06 18:50:23
Vietcombank,4.6,2026-02-07 06:45:57,2026-02-06 18:50:23
VietinBank,5.2,2026-02-07 06:45:57,2026-02-06 18:50:23
VPBank,5.8,2026-02-07 06:45:57,2026-02-06 18:50:23
VRB,6.2,2026-02-07 06:45:57,2026-02-06 18:50:23
Agribank,4.7,2026-02-07 07:57:15,2026-02-07 07:50:24
Bắc Á,6.85,2026-02-07 07:57:15,2026-02-07 07:50:24
Bảo Việt,5.8,2026-02-07 07:57:15,2026-02-07 07:50:24
BIDV,5.2,2026-02-07 07:57:15,2026-02-07 07:50:24
GPBank,5.2,2026-02-07 07:57:15,2026-02-07 07:50:24
Hong Leong,4.6,2026-02-07 07:57:15,2026-02-07 07:50:24
Indovina,5.8,2026-02-07 07:57:15,2026-02-07 07:50:24
Kiên Long,5.5,2026-02-07 07:57:15,2026-02-07 07:50:24
MSB,5.3,2026-02-07 07:57:15,2026-02-07 07:50:24
MB,4.85,2026-02-07 07:57:15,2026-02-07 07:50:24
OCB,6.5,2026-02-07 07:57:15,2026-02-07 07:50:24
oceanbank,5.7,2026-02-07 07:57:15,2026-02-07 07:50:24
PGBank,7.2,2026-02-07 07:57:15,2026-02-07 07:50:24
PublicBank,6.2,2026-02-07 07:57:15,2026-02-07 07:50:24
PVcomBank,9.0,2026-02-07 07:57:15,2026-02-07 07:50:24
Saigonbank,6.3,2026-02-07 07:57:15,2026-02-07 07:50:24
SCB,3.7,2026-02-07 07:57:15,2026-02-07 07:50:24
SeABank,4.5,2026-02-07 07:57:15,2026-02-07 07:50:24
VCBNeo,5.3,2026-02-07 07:57:15,2026-02-07 07:50:24
VietCapitalBank,6.45,2026-02-07 07:57:15,2026-02-07 07:50:24
Vietcombank,4.6,2026-02-07 07:57:15,2026-02-07 07:50:24
VietinBank,5.2,2026-02-07 07:57:15,2026-02-07 07:50:24
VPBank,5.8,2026-02-07 07:57:15,2026-02-07 07:50:24
VRB,6.2,2026-02-07 07:57:15,2026-02-07 07:50:24
Agribank,4.7,2026-02-07 10:21:11,2026-02-07 10:20:23
Bắc Á,6.85,2026-02-07 10:21:11,2026-02-07 10:20:23
Bảo Việt,5.8,2026-02-07 10:21:11,2026-02-07 10:20:23
BIDV,5.2,2026-02-07 10:21:11,2026-02-07 10:20:23
GPBank,5.2,2026-02-07 10:21:11,2026-02-07 10:20:23
Hong Leong,4.6,2026-02-07 10:21:11,2026-02-07 10:20:23
Indovina,5.8,2026-02-07 10:21:11,2026-02-07 10:20:23
Kiên Long,5.5,2026-02-07 10:21:11,2026-02-07 10:20:23
MSB,5.3,2026-02-07 10:21:11,2026-02-07 10:20:23
MB,4.85,2026-02-07 10:21:11,2026-02-07 10:20:23
OCB,6.5,2026-02-07 10:21:11,2026-02-07 10:20:23
oceanbank,5.7,2026-02-07 10:21:11,2026-02-07 10:20:23
PGBank,7.2,2026-02-07 10:21:11,2026-02-07 10:20:23
PublicBank,6.2,2026-02-07 10:21:11,2026-02-07 10:20:23
PVcomBank,9.0,2026-02-07 10:21:11,2026-02-07 10:20:23
Saigonbank,6.3,2026-02-07 10:21:11,2026-02-07 10:20:23
SCB,3.7,2026-02-07 10:21:11,2026-02-07 10:20:23
SeABank,4.5,2026-02-07 10:21:11,2026-02-07 10:20:23
VCBNeo,5.3,2026-02-07 10:21:11,2026-02-07 10:20:23
VietCapitalBank,6.45,2026-02-07 10:21:11,2026-02-07 10:20:23
Vietcombank,4.6,2026-02-07 10:21:11,2026-02-07 10:20:23
VietinBank,5.2,2026-02-07 10:21:11,2026-02-07 10:20:23
VPBank,5.8,2026-02-07 10:21:11,2026-02-07 10:20:23
VRB,6.2,2026-02-07 10:21:11,2026-02-07 10:20:23
Agribank,4.7,2026-02-07 11:50:29,2026-02-07 11:50:23
Bắc Á,6.85,2026-02-07 11:50:29,2026-02-07 11:50:23
Bảo Việt,5.8,2026-02-07 11:50:29,2026-02-07 11:50:23
BIDV,5.2,2026-02-07 11:50:29,2026-02-07 11:50:23
GPBank,5.2,2026-02-07 11:50:29,2026-02-07 11:50:23
Hong Leong,4.6,2026-02-07 11:50:29,2026-02-07 11:50:23
Indovina,5.8,2026-02-07 11:50:29,2026-02-07 11:50:23
Kiên Long,5.5,2026-02-07 11:50:29,2026-02-07 11:50:23
MSB,5.3,2026-02-07 11:50:29,2026-02-07 11:50:23
MB,4.85,2026-02-07 11:50:29,2026-02-07 11:50:23
OCB,6.5,2026-02-07 11:50:29,2026-02-07 11:50:23
oceanbank,5.7,2026-02-07 11:50:29,2026-02-07 11:50:23
PGBank,7.2,2026-02-07 11:50:29,2026-02-07 11:50:23
PublicBank,6.2,2026-02-07 11:50:29,2026-02-07 11:50:23
PVcomBank,9.0,2026-02-07 11:50:29,2026-02-07 11:50:23
Saigonbank,6.3,2026-02-07 11:50:29,2026-02-07 11:50:23
SCB,3.7,2026-02-07 11:50:29,2026-02-07 11:50:23
SeABank,4.5,2026-02-07 11:50:29,2026-02-07 11:50:23
VCBNeo,5.3,2026-02-07 11:50:29,2026-02-07 11:50:23
VietCapitalBank,6.45,2026-02-07 11:50:29,2026-02-07 11:50:23
Vietcombank,4.6,2026-02-07 11:50:29,2026-02-07 11:50:23
VietinBank,5.2,2026-02-07 11:50:29,2026-02-07 11:50:23
VPBank,5.8,2026-02-07 11:50:29,2026-02-07 11:50:23
VRB,6.2,2026-02-07 11:50:29,2026-02-07 11:50:23
Agribank,4.7,2026-02-07 12:34:06,2026-02-07 12:30:23
Bắc Á,6.85,2026-02-07 12:34:06,2026-02-07 12:30:23
Bảo Việt,5.8,2026-02-07 12:34:06,2026-02-07 12:30:23
BIDV,5.2,2026-02-07 12:34:06,2026-02-07 12:30:23
GPBank,5.2,2026-02-07 12:34:06,2026-02-07 12:30:23
Hong Leong,4.6,2026-02-07 12:34:06,2026-02-07 12:30:23
Indovina,5.8,2026-02-07 12:34:06,2026-02-07 12:30:23
Kiên Long,5.5,2026-02-07 12:34:06,2026-02-07 12:30:23
MSB,5.3,2026-02-07 12:34:06,2026-02-07 12:30:23
MB,4.85,2026-02-07 12:34:06,2026-02-07 12:30:23
OCB,6.5,2026-02-07 12:34:06,2026-02-07 12:30:23
oceanbank,5.7,2026-02-07 12:34:06,2026-02-07 12:30:23
PGBank,7.2,2026-02-07 12:34:06,2026-02-07 12:30:23
PublicBank,6.2,2026-02-07 12:34:06,2026-02-07 12:30:23
PVcomBank,9.0,2026-02-07 12:34:06,2026-02-07 12:30:23
Saigonbank,6.3,2026-02-07 12:34:06,2026-02-07 12:30:23
SCB,3.7,2026-02-07 12:34:06,2026-02-07 12:30:23
SeABank,4.5,2026-02-07 12:34:06,2026-02-07 12:30:23
VCBNeo,5.3,2026-02-07 12:34:06,2026-02-07 12:30:23
VietCapitalBank,6.45,2026-02-07 12:34:06,2026-02-07 12:30:23
Vietcombank,4.6,2026-02-07 12:34:06,2026-02-07 12:30:23
VietinBank,5.2,2026-02-07 12:34:06,2026-02-07 12:30:23
VPBank,5.8,2026-02-07 12:34:06,2026-02-07 12:30:23
VRB,6.2,2026-02-07 12:34:06,2026-02-07 12:30:23
Agribank,4.7,2026-02-07 13:27:25,2026-02-07 13:20:23
Bắc Á,6.85,2026-02-07 13:27:25,2026-02-07 13:20:23
Bảo Việt,5.8,2026-02-07 13:27:25,2026-02-07 13:20:23
BIDV,5.2,2026-02-07 13:27:25,2026-02-07 13:20:23
GPBank,5.2,2026-02-07 13:27:25,2026-02-07 13:20:23
Hong Leong,4.6,2026-02-07 13:27:25,2026-02-07 13:20:23
Indovina,5.8,2026-02-07 13:27:25,2026-02-07 13:20:23
Kiên Long,5.5,2026-02-07 13:27:25,2026-02-07 13:20:23
MSB,5.3,2026-02-07 13:27:25,2026-02-07 13:20:23
MB,4.85,2026-02-07 13:27:25,2026-02-07 13:20:23
OCB,6.5,2026-02-07 13:27:25,2026-02-07 13:20:23
oceanbank,5.7,2026-02-07 13:27:25,2026-02-07 13:20:23
PGBank,7.2,2026-02-07 13:27:25,2026-02-07 13:20:23
PublicBank,6.2,2026-02-07 13:27:25,2026-02-07 13:20:23
PVcomBank,9.0,2026-02-07 13:27:25,2026-02-07 13:20:23
Saigonbank,6.3,2026-02-07 13:27:25,2026-02-07 13:20:23
SCB,3.7,2026-02-07 13:27:25,2026-02-07 13:20:23
SeABank,4.5,2026-02-07 13:27:25,2026-02-07 13:20:23
VCBNeo,5.3,2026-02-07 13:27:25,2026-02-07 13:20:23
VietCapitalBank,6.45,2026-02-07 13:27:25,2026-02-07 13:20:23
Vietcombank,4.6,2026-02-07 13:27:25,2026-02-07 13:20:23
VietinBank,5.2,2026-02-07 13:27:25,2026-02-07 13:20:23
VPBank,5.8,2026-02-07 13:27:25,2026-02-07 13:20:23
VRB,6.2,2026-02-07 13:27:25,2026-02-07 13:20:23
Agribank,4.7,2026-02-07 14:06:31,2026-02-07 14:00:23
Bắc Á,6.85,2026-02-07 14:06:31,2026-02-07 14:00:23
Bảo Việt,5.8,2026-02-07 14:06:31,2026-02-07 14:00:23
BIDV,5.2,2026-02-07 14:06:31,2026-02-07 14:00:23
GPBank,5.2,2026-02-07 14:06:31,2026-02-07 14:00:23
Hong Leong,4.6,2026-02-07 14:06:31,2026-02-07 14:00:23
Indovina,5.8,2026-02-07 14:06:31,2026-02-07 14:00:23
Kiên Long,5.5,2026-02-07 14:06:31,2026-02-07 14:00:23
MSB,5.3,2026-02-07 14:06:31,2026-02-07 14:00:23
MB,4.85,2026-02-07 14:06:31,2026-02-07 14:00:23
OCB,6.5,2026-02-07 14:06:31,2026-02-07 14:00:23
oceanbank,5.7,2026-02-07 14:06:31,2026-02-07 14:00:23
PGBank,7.2,2026-02-07 14:06:31,2026-02-07 14:00:23
PublicBank,6.2,2026-02-07 14:06:31,2026-02-07 14:00:23
PVcomBank,9.0,2026-02-07 14:06:31,2026-02-07 14:00:23
Saigonbank,6.3,2026-02-07 14:06:31,2026-02-07 14:00:23
SCB,3.7,2026-02-07 14:06:31,2026-02-07 14:00:23
SeABank,4.5,2026-02-07 14:06:31,2026-02-07 14:00:23
VCBNeo,5.3,2026-02-07 14:06:31,2026-02-07 14:00:23
VietCapitalBank,6.45,2026-02-07 14:06:31,2026-02-07 14:00:23
Vietcombank,4.6,2026-02-07 14:06:31,2026-02-07 14:00:23
VietinBank,5.2,2026-02-07 14:06:31,2026-02-07 14:00:23
VPBank,5.8,2026-02-07 14:06:31,2026-02-07 14:00:23
VRB,6.2,2026-02-07 14:06:31,2026-02-07 14:00:23
Agribank,4.7,2026-02-07 14:49:21,2026-02-07 14:40:22
Bắc Á,6.85,2026-02-07 14:49:21,2026-02-07 14:40:22
Bảo Việt,5.8,2026-02-07 14:49:21,2026-02-07 14:40:22
BIDV,5.2,2026-02-07 14:49:21,2026-02-07 14:40:22
GPBank,5.2,2026-02-07 14:49:21,2026-02-07 14:40:22
Hong Leong,4.6,2026-02-07 14:49:21,2026-02-07 14:40:22
Indovina,5.8,2026-02-07 14:49:21,2026-02-07 14:40:22
Kiên Long,5.5,2026-02-07 14:49:21,2026-02-07 14:40:22
MSB,5.3,2026-02-07 14:49:21,2026-02-07 14:40:22
MB,4.85,2026-02-07 14:49:21,2026-02-07 14:40:22
OCB,6.5,2026-02-07 14:49:21,2026-02-07 14:40:22
oceanbank,5.7,2026-02-07 14:49:21,2026-02-07 14:40:22
PGBank,7.2,2026-02-07 14:49:21,2026-02-07 14:40:22
PublicBank,6.2,2026-02-07 14:49:21,2026-02-07 14:40:22
PVcomBank,9.0,2026-02-07 14:49:21,2026-02-07 14:40:22
Saigonbank,6.3,2026-02-07 14:49:21,2026-02-07 14:40:22
SCB,3.7,2026-02-07 14:49:21,2026-02-07 14:40:22
SeABank,4.5,2026-02-07 14:49:21,2026-02-07 14:40:22
VCBNeo,5.3,2026-02-07 14:49:21,2026-02-07 14:40:22
VietCapitalBank,6.45,2026-02-07 14:49:21,2026-02-07 14:40:22
Vietcombank,4.6,2026-02-07 14:49:21,2026-02-07 14:40:22
VietinBank,5.2,2026-02-07 14:49:21,2026-02-07 14:40:22
VPBank,5.8,2026-02-07 14:49:21,2026-02-07 14:40:22
VRB,6.2,2026-02-07 14:49:21,2026-02-07 14:40:22
Agribank,4.7,2026-02-07 15:16:35,2026-02-07 15:10:23
Bắc Á,6.85,2026-02-07 15:16:35,2026-02-07 15:10:23
Bảo Việt,5.8,2026-02-07 15:16:35,2026-02-07 15:10:23
BIDV,5.2,2026-02-07 15:16:35,2026-02-07 15:10:23
GPBank,5.2,2026-02-07 15:16:35,2026-02-07 15:10:23
Hong Leong,4.6,2026-02-07 15:16:35,2026-02-07 15:10:23
Indovina,5.8,2026-02-07 15:16:35,2026-02-07 15:10:23
Kiên Long,5.5,2026-02-07 15:16:35,2026-02-07 15:10:23
MSB,5.3,2026-02-07 15:16:35,2026-02-07 15:10:23
MB,4.85,2026-02-07 15:16:35,2026-02-07 15:10:23
OCB,6.5,2026-02-07 15:16:35,2026-02-07 15:10:23
oceanbank,5.7,2026-02-07 15:16:35,2026-02-07 15:10:23
PGBank,7.2,2026-02-07 15:16:35,2026-02-07 15:10:23
PublicBank,6.2,2026-02-07 15:16:35,2026-02-07 15:10:23
PVcomBank,9.0,2026-02-07 15:16:35,2026-02-07 15:10:23
Saigonbank,6.3,2026-02-07 15:16:35,2026-02-07 15:10:23
SCB,3.7,2026-02-07 15:16:35,2026-02-07 15:10:23
SeABank,4.5,2026-02-07 15:16:35,2026-02-07 15:10:23
VCBNeo,5.3,2026-02-07 15:16:35,2026-02-07 15:10:23
VietCapitalBank,6.45,2026-02-07 15:16:35,2026-02-07 15:10:23
Vietcombank,4.6,2026-02-07 15:16:35,2026-02-07 15:10:23
VietinBank,5.2,2026-02-07 15:16:35,2026-02-07 15:10:23
VPBank,5.8,2026-02-07 15:16:35,2026-02-07 15:10:23
VRB,6.2,2026-02-07 15:16:35,2026-02-07 15:10:23
Agribank,4.7,2026-02-07 15:53:23,2026-02-07 15:50:22
Bắc Á,6.85,2026-02-07 15:53:23,2026-02-07 15:50:22
Bảo Việt,5.8,2026-02-07 15:53:23,2026-02-07 15:50:22
BIDV,5.2,2026-02-07 15:53:23,2026-02-07 15:50:22
GPBank,5.2,2026-02-07 15:53:23,2026-02-07 15:50:22
Hong Leong,4.6,2026-02-07 15:53:23,2026-02-07 15:50:22
Indovina,5.8,2026-02-07 15:53:23,2026-02-07 15:50:22
Kiên Long,5.5,2026-02-07 15:53:23,2026-02-07 15:50:22
MSB,5.3,2026-02-07 15:53:23,2026-02-07 15:50:22
MB,4.85,2026-02-07 15:53:23,2026-02-07 15:50:22
OCB,6.5,2026-02-07 15:53:23,2026-02-07 15:50:22
oceanbank,5.7,2026-02-07 15:53:23,2026-02-07 15:50:22
PGBank,7.2,2026-02-07 15:53:23,2026-02-07 15:50:22
PublicBank,6.2,2026-02-07 15:53:23,2026-02-07 15:50:22
PVcomBank,9.0,2026-02-07 15:53:23,2026-02-07 15:50:22
Saigonbank,6.3,2026-02-07 15:53:23,2026-02-07 15:50:22
SCB,3.7,2026-02-07 15:53:23,2026-02-07 15:50:22
SeABank,4.5,2026-02-07 15:53:23,2026-02-07 15:50:22
VCBNeo,5.3,2026-02-07 15:53:23,2026-02-07 15:50:22
VietCapitalBank,6.45,2026-02-07 15:53:23,2026-02-07 15:50:22
Vietcombank,4.6,2026-02-07 15:53:23,2026-02-07 15:50:22
VietinBank,5.2,2026-02-07 15:53:23,2026-02-07 15:50:22
VPBank,5.8,2026-02-07 15:53:23,2026-02-07 15:50:22
VRB,6.2,2026-02-07 15:53:23,2026-02-07 15:50:22
Agribank,4.7,2026-02-07 16:19:17,2026-02-07 16:10:23
Bắc Á,6.85,2026-02-07 16:19:17,2026-02-07 16:10:23
Bảo Việt,5.8,2026-02-07 16:19:17,2026-02-07 16:10:23
BIDV,5.2,2026-02-07 16:19:17,2026-02-07 16:10:23
GPBank,5.2,2026-02-07 16:19:17,2026-02-07 16:10:23
Hong Leong,4.6,2026-02-07 16:19:17,2026-02-07 16:10:23
Indovina,5.8,2026-02-07 16:19:17,2026-02-07 16:10:23
Kiên Long,5.5,2026-02-07 16:19:17,2026-02-07 16:10:23
MSB,5.3,2026-02-07 16:19:17,2026-02-07 16:10:23
MB,4.85,2026-02-07 16:19:17,2026-02-07 16:10:23
OCB,6.5,2026-02-07 16:19:17,2026-02-07 16:10:23
oceanbank,5.7,2026-02-07 16:19:17,2026-02-07 16:10:23
PGBank,7.2,2026-02-07 16:19:17,2026-02-07 16:10:23
PublicBank,6.2,2026-02-07 16:19:17,2026-02-07 16:10:23
PVcomBank,9.0,2026-02-07 16:19:17,2026-02-07 16:10:23
Saigonbank,6.3,2026-02-07 16:19:17,2026-02-07 16:10:23
SCB,3.7,2026-02-07 16:19:17,2026-02-07 16:10:23
SeABank,4.5,2026-02-07 16:19:17,2026-02-07 16:10:23
VCBNeo,5.3,2026-02-07 16:19:17,2026-02-07 16:10:23
VietCapitalBank,6.45,2026-02-07 16:19:17,2026-02-07 16:10:23
Vietcombank,4.6,2026-02-07 16:19:17,2026-02-07 16:10:23
VietinBank,5.2,2026-02-07 16:19:17,2026-02-07 16:10:23
VPBank,5.8,2026-02-07 16:19:17,2026-02-07 16:10:23
VRB,6.2,2026-02-07 16:19:17,2026-02-07 16:10:23
Agribank,4.7,2026-02-07 16:51:18,2026-02-07 16:50:23
Bắc Á,6.85,2026-02-07 16:51:18,2026-02-07 16:50:23
Bảo Việt,5.8,2026-02-07 16:51:18,2026-02-07 16:50:23
BIDV,5.2,2026-02-07 16:51:18,2026-02-07 16:50:23
GPBank,5.2,2026-02-07 16:51:18,2026-02-07 16:50:23
Hong Leong,4.6,2026-02-07 16:51:18,2026-02-07 16:50:23
Indovina,5.8,2026-02-07 16:51:18,2026-02-07 16:50:23
Kiên Long,5.5,2026-02-07 16:51:18,2026-02-07 16:50:23
MSB,5.3,2026-02-07 16:51:18,2026-02-07 16:50:23
MB,4.85,2026-02-07 16:51:18,2026-02-07 16:50:23
OCB,6.5,2026-02-07 16:51:18,2026-02-07 16:50:23
oceanbank,5.7,2026-02-07 16:51:18,2026-02-07 16:50:23
PGBank,7.2,2026-02-07 16:51:18,2026-02-07 16:50:23
PublicBank,6.2,2026-02-07 16:51:18,2026-02-07 16:50:23
PVcomBank,9.0,2026-02-07 16:51:18,2026-02-07 16:50:23
Saigonbank,6.3,2026-02-07 16:51:18,2026-02-07 16:50:23
SCB,3.7,2026-02-07 16:51:18,2026-02-07 16:50:23
SeABank,4.5,2026-02-07 16:51:18,2026-02-07 16:50:23
VCBNeo,5.3,2026-02-07 16:51:18,2026-02-07 16:50:23
VietCapitalBank,6.45,2026-02-07 16:51:18,2026-02-07 16:50:23
Vietcombank,4.6,2026-02-07 16:51:18,2026-02-07 16:50:23
VietinBank,5.2,2026-02-07 16:51:18,2026-02-07 16:50:23
VPBank,5.8,2026-02-07 16:51:18,2026-02-07 16:50:23
VRB,6.2,2026-02-07 16:51:18,2026-02-07 16:50:23
Agribank,4.7,2026-02-07 17:13:33,2026-02-07 17:10:22
Bắc Á,6.85,2026-02-07 17:13:33,2026-02-07 17:10:22
Bảo Việt,5.8,2026-02-07 17:13:33,2026-02-07 17:10:22
BIDV,5.2,2026-02-07 17:13:33,2026-02-07 17:10:22
GPBank,5.2,2026-02-07 17:13:33,2026-02-07 17:10:22
Hong Leong,4.6,2026-02-07 17:13:33,2026-02-07 17:10:22
Indovina,5.8,2026-02-07 17:13:33,2026-02-07 17:10:22
Kiên Long,5.5,2026-02-07 17:13:33,2026-02-07 17:10:22
MSB,5.3,2026-02-07 17:13:33,2026-02-07 17:10:22
MB,4.85,2026-02-07 17:13:33,2026-02-07 17:10:22
OCB,6.5,2026-02-07 17:13:33,2026-02-07 17:10:22
oceanbank,5.7,2026-02-07 17:13:33,2026-02-07 17:10:22
PGBank,7.2,2026-02-07 17:13:33,2026-02-07 17:10:22
PublicBank,6.2,2026-02-07 17:13:33,2026-02-07 17:10:22
PVcomBank,9.0,2026-02-07 17:13:33,2026-02-07 17:10:22
Saigonbank,6.3,2026-02-07 17:13:33,2026-02-07 17:10:22
SCB,3.7,2026-02-07 17:13:33,2026-02-07 17:10:22
SeABank,4.5,2026-02-07 17:13:33,2026-02-07 17:10:22
VCBNeo,5.3,2026-02-07 17:13:33,2026-02-07 17:10:22
VietCapitalBank,6.45,2026-02-07 17:13:33,2026-02-07 17:10:22
Vietcombank,4.6,2026-02-07 17:13:33,2026-02-07 17:10:22
VietinBank,5.2,2026-02-07 17:13:33,2026-02-07 17:10:22
VPBank,5.8,2026-02-07 17:13:33,2026-02-07 17:10:22
VRB,6.2,2026-02-07 17:13:33,2026-02-07 17:10:22
Agribank,4.7,2026-02-07 17:49:58,2026-02-07 17:40:23
Bắc Á,6.85,2026-02-07 17:49:58,2026-02-07 17:40:23
Bảo Việt,5.8,2026-02-07 17:49:58,2026-02-07 17:40:23
BIDV,5.2,2026-02-07 17:49:58,2026-02-07 17:40:23
GPBank,5.2,2026-02-07 17:49:58,2026-02-07 17:40:23
Hong Leong,4.6,2026-02-07 17:49:58,2026-02-07 17:40:23
Indovina,5.8,2026-02-07 17:49:58,2026-02-07 17:40:23
Kiên Long,5.5,2026-02-07 17:49:58,2026-02-07 17:40:23
MSB,5.3,2026-02-07 17:49:58,2026-02-07 17:40:23
MB,4.85,2026-02-07 17:49:58,2026-02-07 17:40:23
OCB,6.5,2026-02-07 17:49:58,2026-02-07 17:40:23
oceanbank,5.7,2026-02-07 17:49:58,2026-02-07 17:40:23
PGBank,7.2,2026-02-07 17:49:58,2026-02-07 17:40:23
PublicBank,6.2,2026-02-07 17:49:58,2026-02-07 17:40:23
PVcomBank,9.0,2026-02-07 17:49:58,2026-02-07 17:40:23
Saigonbank,6.3,2026-02-07 17:49:58,2026-02-07 17:40:23
SCB,3.7,2026-02-07 17:49:58,2026-02-07 17:40:23
SeABank,4.5,2026-02-07 17:49:58,2026-02-07 17:40:23
VCBNeo,5.3,2026-02-07 17:49:58,2026-02-07 17:40:23
VietCapitalBank,6.45,2026-02-07 17:49:58,2026-02-07 17:40:23
Vietcombank,4.6,2026-02-07 17:49:58,2026-02-07 17:40:23
VietinBank,5.2,2026-02-07 17:49:58,2026-02-07 17:40:23
VPBank,5.8,2026-02-07 17:49:58,2026-02-07 17:40:23
VRB,6.2,2026-02-07 17:49:58,2026-02-07 17:40:23
Agribank,4.7,2026-02-07 18:12:47,2026-02-07 18:10:23
Bắc Á,6.85,2026-02-07 18:12:47,2026-02-07 18:10:23
Bảo Việt,5.8,2026-02-07 18:12:47,2026-02-07 18:10:23
BIDV,5.2,2026-02-07 18:12:47,2026-02-07 18:10:23
GPBank,5.2,2026-02-07 18:12:47,2026-02-07 18:10:23
Hong Leong,4.6,2026-02-07 18:12:47,2026-02-07 18:10:23
Indovina,5.8,2026-02-07 18:12:47,2026-02-07 18:10:23
Kiên Long,5.5,2026-02-07 18:12:47,2026-02-07 18:10:23
MSB,5.3,2026-02-07 18:12:47,2026-02-07 18:10:23
MB,4.85,2026-02-07 18:12:47,2026-02-07 18:10:23
OCB,6.5,2026-02-07 18:12:47,2026-02-07 18:10:23
oceanbank,5.7,2026-02-07 18:12:47,2026-02-07 18:10:23
PGBank,7.2,2026-02-07 18:12:47,2026-02-07 18:10:23
PublicBank,6.2,2026-02-07 18:12:47,2026-02-07 18:10:23
PVcomBank,9.0,2026-02-07 18:12:47,2026-02-07 18:10:23
Saigonbank,6.3,2026-02-07 18:12:47,2026-02-07 18:10:23
SCB,3.7,2026-02-07 18:12:47,2026-02-07 18:10:23
SeABank,4.5,2026-02-07 18:12:47,2026-02-07 18:10:23
VCBNeo,5.3,2026-02-07 18:12:47,2026-02-07 18:10:23
VietCapitalBank,6.45,2026-02-07 18:12:47,2026-02-07 18:10:23
Vietcombank,4.6,2026-02-07 18:12:47,2026-02-07 18:10:23
VietinBank,5.2,2026-02-07 18:12:47,2026-02-07 18:10:23
VPBank,5.8,2026-02-07 18:12:47,2026-02-07 18:10:23
VRB,6.2,2026-02-07 18:12:47,2026-02-07 18:10:23
Agribank,4.7,2026-02-07 18:41:53,2026-02-07 18:40:23
Bắc Á,6.85,2026-02-07 18:41:53,2026-02-07 18:40:23
Bảo Việt,5.8,2026-02-07 18:41:53,2026-02-07 18:40:23
BIDV,5.2,2026-02-07 18:41:53,2026-02-07 18:40:23
GPBank,5.2,2026-02-07 18:41:53,2026-02-07 18:40:23
Hong Leong,4.6,2026-02-07 18:41:53,2026-02-07 18:40:23
Indovina,5.8,2026-02-07 18:41:53,2026-02-07 18:40:23
Kiên Long,5.5,2026-02-07 18:41:53,2026-02-07 18:40:23
MSB,5.3,2026-02-07 18:41:53,2026-02-07 18:40:23
MB,4.85,2026-02-07 18:41:53,2026-02-07 18:40:23
OCB,6.5,2026-02-07 18:41:53,2026-02-07 18:40:23
oceanbank,5.7,2026-02-07 18:41:53,2026-02-07 18:40:23
PGBank,7.2,2026-02-07 18:41:53,2026-02-07 18:40:23
PublicBank,6.2,2026-02-07 18:41:53,2026-02-07 18:40:23
PVcomBank,9.0,2026-02-07 18:41:53,2026-02-07 18:40:23
Saigonbank,6.3,2026-02-07 18:41:53,2026-02-07 18:40:23
SCB,3.7,2026-02-07 18:41:53,2026-02-07 18:40:23
SeABank,4.5,2026-02-07 18:41:53,2026-02-07 18:40:23
VCBNeo,5.3,2026-02-07 18:41:53,2026-02-07 18:40:23
VietCapitalBank,6.45,2026-02-07 18:41:53,2026-02-07 18:40:23
Vietcombank,4.6,2026-02-07 18:41:53,2026-02-07 18:40:23
VietinBank,5.2,2026-02-07 18:41:53,2026-02-07 18:40:23
VPBank,5.8,2026-02-07 18:41:53,2026-02-07 18:40:23
VRB,6.2,2026-02-07 18:41:53,2026-02-07 18:40:23
Agribank,4.7,2026-02-07 19:21:35,2026-02-07 18:50:23
Bắc Á,6.85,2026-02-07 19:21:35,2026-02-07 18:50:23
Bảo Việt,5.8,2026-02-07 19:21:35,2026-02-07 18:50:23
BIDV,5.2,2026-02-07 19:21:35,2026-02-07 18:50:23
GPBank,5.2,2026-02-07 19:21:35,2026-02-07 18:50:23
Hong Leong,4.6,2026-02-07 19:21:35,2026-02-07 18:50:23
Indovina,5.8,2026-02-07 19:21:35,2026-02-07 18:50:23
Kiên Long,5.5,2026-02-07 19:21:35,2026-02-07 18:50:23
MSB,5.3,2026-02-07 19:21:35,2026-02-07 18:50:23
MB,4.85,2026-02-07 19:21:35,2026-02-07 18:50:23
OCB,6.5,2026-02-07 19:21:35,2026-02-07 18:50:23
oceanbank,5.7,2026-02-07 19:21:35,2026-02-07 18:50:23
PGBank,7.2,2026-02-07 19:21:35,2026-02-07 18:50:23
PublicBank,6.2,2026-02-07 19:21:35,2026-02-07 18:50:23
PVcomBank,9.0,2026-02-07 19:21:35,2026-02-07 18:50:23
Saigonbank,6.3,2026-02-07 19:21:35,2026-02-07 18:50:23
SCB,3.7,2026-02-07 19:21:35,2026-02-07 18:50:23
SeABank,4.5,2026-02-07 19:21:35,2026-02-07 18:50:23
VCBNeo,5.3,2026-02-07 19:21:35,2026-02-07 18:50:23
VietCapitalBank,6.45,2026-02-07 19:21:35,2026-02-07 18:50:23
Vietcombank,4.6,2026-02-07 19:21:35,2026-02-07 18:50:23
VietinBank,5.2,2026-02-07 19:21:35,2026-02-07 18:50:23
VPBank,5.8,2026-02-07 19:21:35,2026-02-07 18:50:23
VRB,6.2,2026-02-07 19:21:35,2026-02-07 18:50:23
Agribank,4.7,2026-02-07 20:15:42,2026-02-07 18:50:23
Bắc Á,6.85,2026-02-07 20:15:42,2026-02-07 18:50:23
Bảo Việt,5.8,2026-02-07 20:15:42,2026-02-07 18:50:23
BIDV,5.2,2026-02-07 20:15:42,2026-02-07 18:50:23
GPBank,5.2,2026-02-07 20:15:42,2026-02-07 18:50:23
Hong Leong,4.6,2026-02-07 20:15:42,2026-02-07 18:50:23
Indovina,5.8,2026-02-07 20:15:42,2026-02-07 18:50:23
Kiên Long,5.5,2026-02-07 20:15:42,2026-02-07 18:50:23
MSB,5.3,2026-02-07 20:15:42,2026-02-07 18:50:23
MB,4.85,2026-02-07 20:15:42,2026-02-07 18:50:23
OCB,6.5,2026-02-07 20:15:42,2026-02-07 18:50:23
oceanbank,5.7,2026-02-07 20:15:42,2026-02-07 18:50:23
PGBank,7.2,2026-02-07 20:15:42,2026-02-07 18:50:23
PublicBank,6.2,2026-02-07 20:15:42,2026-02-07 18:50:23
PVcomBank,9.0,2026-02-07 20:15:42,2026-02-07 18:50:23
Saigonbank,6.3,2026-02-07 20:15:42,2026-02-07 18:50:23
SCB,3.7,2026-02-07 20:15:42,2026-02-07 18:50:23
SeABank,4.5,2026-02-07 20:15:42,2026-02-07 18:50:23
VCBNeo,5.3,2026-02-07 20:15:42,2026-02-07 18:50:23
VietCapitalBank,6.45,2026-02-07 20:15:42,2026-02-07 18:50:23
Vietcombank,4.6,2026-02-07 20:15:42,2026-02-07 18:50:23
VietinBank,5.2,2026-02-07 20:15:42,2026-02-07 18:50:23
VPBank,5.8,2026-02-07 20:15:42,2026-02-07 18:50:23
VRB,6.2,2026-02-07 20:15:42,2026-02-07 18:50:23
Agribank,4.7,2026-02-07 20:57:19,2026-02-07 18:50:23
Bắc Á,6.85,2026-02-07 20:57:19,2026-02-07 18:50:23
Bảo Việt,5.8,2026-02-07 20:57:19,2026-02-07 18:50:23
BIDV,5.2,2026-02-07 20:57:19,2026-02-07 18:50:23
GPBank,5.2,2026-02-07 20:57:19,2026-02-07 18:50:23
Hong Leong,4.6,2026-02-07 20:57:19,2026-02-07 18:50:23
Indovina,5.8,2026-02-07 20:57:19,2026-02-07 18:50:23
Kiên Long,5.5,2026-02-07 20:57:19,2026-02-07 18:50:23
MSB,5.3,2026-02-07 20:57:19,2026-02-07 18:50:23
MB,4.85,2026-02-07 20:57:19,2026-02-07 18:50:23
OCB,6.5,2026-02-07 20:57:19,2026-02-07 18:50:23
oceanbank,5.7,2026-02-07 20:57:19,2026-02-07 18:50:23
PGBank,7.2,2026-02-07 20:57:19,2026-02-07 18:50:23
PublicBank,6.2,2026-02-07 20:57:19,2026-02-07 18:50:23
PVcomBank,9.0,2026-02-07 20:57:19,2026-02-07 18:50:23
Saigonbank,6.3,2026-02-07 20:57:19,2026-02-07 18:50:23
SCB,3.7,2026-02-07 20:57:19,2026-02-07 18:50:23
SeABank,4.5,2026-02-07 20:57:19,2026-02-07 18:50:23
VCBNeo,5.3,2026-02-07 20:57:19,2026-02-07 18:50:23
VietCapitalBank,6.45,2026-02-07 20:57:19,2026-02-07 18:50:23
Vietcombank,4.6,2026-02-07 20:57:19,2026-02-07 18:50:23
VietinBank,5.2,2026-02-07 20:57:19,2026-02-07 18:50:23
VPBank,5.8,2026-02-07 20:57:19,2026-02-07 18:50:23
VRB,6.2,2026-02-07 20:57:19,2026-02-07 18:50:23
Agribank,4.7,2026-02-07 21:18:43,2026-02-07 18:50:23
Bắc Á,6.85,2026-02-07 21:18:43,2026-02-07 18:50:23
Bảo Việt,5.8,2026-02-07 21:18:43,2026-02-07 18:50:23
BIDV,5.2,2026-02-07 21:18:43,2026-02-07 18:50:23
GPBank,5.2,2026-02-07 21:18:43,2026-02-07 18:50:23
Hong Leong,4.6,2026-02-07 21:18:43,2026-02-07 18:50:23
Indovina,5.8,2026-02-07 21:18:43,2026-02-07 18:50:23
Kiên Long,5.5,2026-02-07 21:18:43,2026-02-07 18:50:23
MSB,5.3,2026-02-07 21:18:43,2026-02-07 18:50:23
MB,4.85,2026-02-07 21:18:43,2026-02-07 18:50:23
OCB,6.5,2026-02-07 21:18:43,2026-02-07 18:50:23
oceanbank,5.7,2026-02-07 21:18:43,2026-02-07 18:50:23
PGBank,7.2,2026-02-07 21:18:43,2026-02-07 18:50:23
PublicBank,6.2,2026-02-07 21:18:43,2026-02-07 18:50:23
PVcomBank,9.0,2026-02-07 21:18:43,2026-02-07 18:50:23
Saigonbank,6.3,2026-02-07 21:18:43,2026-02-07 18:50:23
SCB,3.7,2026-02-07 21:18:43,2026-02-07 18:50:23
SeABank,4.5,2026-02-07 21:18:43,2026-02-07 18:50:23
VCBNeo,5.3,2026-02-07 21:18:43,2026-02-07 18:50:23
VietCapitalBank,6.45,2026-02-07 21:18:43,2026-02-07 18:50:23
Vietcombank,4.6,2026-02-07 21:18:43,2026-02-07 18:50:23
VietinBank,5.2,2026-02-07 21:18:43,2026-02-07 18:50:23
VPBank,5.8,2026-02-07 21:18:43,2026-02-07 18:50:23
VRB,6.2,2026-02-07 21:18:43,2026-02-07 18:50:23
Agribank,4.7,2026-02-07 21:49:29,2026-02-07 18:50:23
Bắc Á,6.85,2026-02-07 21:49:29,2026-02-07 18:50:23
Bảo Việt,5.8,2026-02-07 21:49:29,2026-02-07 18:50:23
BIDV,5.2,2026-02-07 21:49:29,2026-02-07 18:50:23
GPBank,5.2,2026-02-07 21:49:29,2026-02-07 18:50:23
Hong Leong,4.6,2026-02-07 21:49:29,2026-02-07 18:50:23
Indovina,5.8,2026-02-07 21:49:29,2026-02-07 18:50:23
Kiên Long,5.5,2026-02-07 21:49:29,2026-02-07 18:50:23
MSB,5.3,2026-02-07 21:49:29,2026-02-07 18:50:23
MB,4.85,2026-02-07 21:49:29,2026-02-07 18:50:23
OCB,6.5,2026-02-07 21:49:29,2026-02-07 18:50:23
oceanbank,5.7,2026-02-07 21:49:29,2026-02-07 18:50:23
PGBank,7.2,2026-02-07 21:49:29,2026-02-07 18:50:23
PublicBank,6.2,2026-02-07 21:49:29,2026-02-07 18:50:23
PVcomBank,9.0,2026-02-07 21:49:29,2026-02-07 18:50:23
Saigonbank,6.3,2026-02-07 21:49:29,2026-02-07 18:50:23
SCB,3.7,2026-02-07 21:49:29,2026-02-07 18:50:23
SeABank,4.5,2026-02-07 21:49:29,2026-02-07 18:50:23
VCBNeo,5.3,2026-02-07 21:49:29,2026-02-07 18:50:23
VietCapitalBank,6.45,2026-02-07 21:49:29,2026-02-07 18:50:23
Vietcombank,4.6,2026-02-07 21:49:29,2026-02-07 18:50:23
VietinBank,5.2,2026-02-07 21:49:29,2026-02-07 18:50:23
VPBank,5.8,2026-02-07 21:49:29,2026-02-07 18:50:23
VRB,6.2,2026-02-07 21:49:29,2026-02-07 18:50:23
Agribank,4.7,2026-02-07 22:14:09,2026-02-07 18:50:23
Bắc Á,6.85,2026-02-07 22:14:09,2026-02-07 18:50:23
Bảo Việt,5.8,2026-02-07 22:14:09,2026-02-07 18:50:23
BIDV,5.2,2026-02-07 22:14:09,2026-02-07 18:50:23
GPBank,5.2,2026-02-07 22:14:09,2026-02-07 18:50:23
Hong Leong,4.6,2026-02-07 22:14:09,2026-02-07 18:50:23
Indovina,5.8,2026-02-07 22:14:09,2026-02-07 18:50:23
Kiên Long,5.5,2026-02-07 22:14:09,2026-02-07 18:50:23
MSB,5.3,2026-02-07 22:14:09,2026-02-07 18:50:23
MB,4.85,2026-02-07 22:14:09,2026-02-07 18:50:23
OCB,6.5,2026-02-07 22:14:09,2026-02-07 18:50:23
oceanbank,5.7,2026-02-07 22:14:09,2026-02-07 18:50:23
PGBank,7.2,2026-02-07 22:14:09,2026-02-07 18:50:23
PublicBank,6.2,2026-02-07 22:14:09,2026-02-07 18:50:23
PVcomBank,9.0,2026-02-07 22:14:09,2026-02-07 18:50:23
Saigonbank,6.3,2026-02-07 22:14:09,2026-02-07 18:50:23
SCB,3.7,2026-02-07 22:14:09,2026-02-07 18:50:23
SeABank,4.5,2026-02-07 22:14:09,2026-02-07 18:50:23
VCBNeo,5.3,2026-02-07 22:14:09,2026-02-07 18:50:23
VietCapitalBank,6.45,2026-02-07 22:14:09,2026-02-07 18:50:23
Vietcombank,4.6,2026-02-07 22:14:09,2026-02-07 18:50:23
VietinBank,5.2,2026-02-07 22:14:09,2026-02-07 18:50:23
VPBank,5.8,2026-02-07 22:14:09,2026-02-07 18:50:23
VRB,6.2,2026-02-07 22:14:09,2026-02-07 18:50:23
Agribank,4.7,2026-02-07 22:45:57,2026-02-07 18:50:23
Bắc Á,6.85,2026-02-07 22:45:57,2026-02-07 18:50:23
Bảo Việt,5.8,2026-02-07 22:45:57,2026-02-07 18:50:23
BIDV,5.2,2026-02-07 22:45:57,2026-02-07 18:50:23
GPBank,5.2,2026-02-07 22:45:57,2026-02-07 18:50:23
Hong Leong,4.6,2026-02-07 22:45:57,2026-02-07 18:50:23
Indovina,5.8,2026-02-07 22:45:57,2026-02-07 18:50:23
Kiên Long,5.5,2026-02-07 22:45:57,2026-02-07 18:50:23
MSB,5.3,2026-02-07 22:45:57,2026-02-07 18:50:23
MB,4.85,2026-02-07 22:45:57,2026-02-07 18:50:23
OCB,6.5,2026-02-07 22:45:57,2026-02-07 18:50:23
oceanbank,5.7,2026-02-07 22:45:57,2026-02-07 18:50:23
PGBank,7.2,2026-02-07 22:45:57,2026-02-07 18:50:23
PublicBank,6.2,2026-02-07 22:45:57,2026-02-07 18:50:23
PVcomBank,9.0,2026-02-07 22:45:57,2026-02-07 18:50:23
Saigonbank,6.3,2026-02-07 22:45:57,2026-02-07 18:50:23
SCB,3.7,2026-02-07 22:45:57,2026-02-07 18:50:23
SeABank,4.5,2026-02-07 22:45:57,2026-02-07 18:50:23
VCBNeo,5.3,2026-02-07 22:45:57,2026-02-07 18:50:23
VietCapitalBank,6.45,2026-02-07 22:45:57,2026-02-07 18:50:23
Vietcombank,4.6,2026-02-07 22:45:57,2026-02-07 18:50:23
VietinBank,5.2,2026-02-07 22:45:57,2026-02-07 18:50:23
VPBank,5.8,2026-02-07 22:45:57,2026-02-07 18:50:23
VRB,6.2,2026-02-07 22:45:57,2026-02-07 18:50:23
Agribank,4.7,2026-02-07 23:15:30,2026-02-07 18:50:23
Bắc Á,6.85,2026-02-07 23:15:30,2026-02-07 18:50:23
Bảo Việt,5.8,2026-02-07 23:15:30,2026-02-07 18:50:23
BIDV,5.2,2026-02-07 23:15:30,2026-02-07 18:50:23
GPBank,5.2,2026-02-07 23:15:30,2026-02-07 18:50:23
Hong Leong,4.6,2026-02-07 23:15:30,2026-02-07 18:50:23
Indovina,5.8,2026-02-07 23:15:30,2026-02-07 18:50:23
Kiên Long,5.5,2026-02-07 23:15:30,2026-02-07 18:50:23
MSB,5.3,2026-02-07 23:15:30,2026-02-07 18:50:23
MB,4.85,2026-02-07 23:15:30,2026-02-07 18:50:23
OCB,6.5,2026-02-07 23:15:30,2026-02-07 18:50:23
oceanbank,5.7,2026-02-07 23:15:30,2026-02-07 18:50:23
PGBank,7.2,2026-02-07 23:15:30,2026-02-07 18:50:23
PublicBank,6.2,2026-02-07 23:15:30,2026-02-07 18:50:23
PVcomBank,9.0,2026-02-07 23:15:30,2026-02-07 18:50:23
Saigonbank,6.3,2026-02-07 23:15:30,2026-02-07 18:50:23
SCB,3.7,2026-02-07 23:15:30,2026-02-07 18:50:23
SeABank,4.5,2026-02-07 23:15:30,2026-02-07 18:50:23
VCBNeo,5.3,2026-02-07 23:15:30,2026-02-07 18:50:23
VietCapitalBank,6.45,2026-02-07 23:15:30,2026-02-07 18:50:23
Vietcombank,4.6,2026-02-07 23:15:30,2026-02-07 18:50:23
VietinBank,5.2,2026-02-07 23:15:30,2026-02-07 18:50:23
VPBank,5.8,2026-02-07 23:15:30,2026-02-07 18:50:23
VRB,6.2,2026-02-07 23:15:30,2026-02-07 18:50:23
Agribank,4.7,2026-02-07 23:53:41,2026-02-07 18:50:23
Bắc Á,6.85,2026-02-07 23:53:41,2026-02-07 18:50:23
Bảo Việt,5.8,2026-02-07 23:53:41,2026-02-07 18:50:23
BIDV,5.2,2026-02-07 23:53:41,2026-02-07 18:50:23
GPBank,5.2,2026-02-07 23:53:41,2026-02-07 18:50:23
Hong Leong,4.6,2026-02-07 23:53:41,2026-02-07 18:50:23
Indovina,5.8,2026-02-07 23:53:41,2026-02-07 18:50:23
Kiên Long,5.5,2026-02-07 23:53:41,2026-02-07 18:50:23
MSB,5.3,2026-02-07 23:53:41,2026-02-07 18:50:23
MB,4.85,2026-02-07 23:53:41,2026-02-07 18:50:23
OCB,6.5,2026-02-07 23:53:41,2026-02-07 18:50:23
oceanbank,5.7,2026-02-07 23:53:41,2026-02-07 18:50:23
PGBank,7.2,2026-02-07 23:53:41,2026-02-07 18:50:23
PublicBank,6.2,2026-02-07 23:53:41,2026-02-07 18:50:23
PVcomBank,9.0,2026-02-07 23:53:41,2026-02-07 18:50:23
Saigonbank,6.3,2026-02-07 23:53:41,2026-02-07 18:50:23
SCB,3.7,2026-02-07 23:53:41,2026-02-07 18:50:23
SeABank,4.5,2026-02-07 23:53:41,2026-02-07 18:50:23
VCBNeo,5.3,2026-02-07 23:53:41,2026-02-07 18:50:23
VietCapitalBank,6.45,2026-02-07 23:53:41,2026-02-07 18:50:23
Vietcombank,4.6,2026-02-07 23:53:41,2026-02-07 18:50:23
VietinBank,5.2,2026-02-07 23:53:41,2026-02-07 18:50:23
VPBank,5.8,2026-02-07 23:53:41,2026-02-07 18:50:23
VRB,6.2,2026-02-07 23:53:41,2026-02-07 18:50:23
Agribank,4.7,2026-02-08 00:16:45,2026-02-07 18:50:23
Bắc Á,6.85,2026-02-08 00:16:45,2026-02-07 18:50:23
Bảo Việt,5.8,2026-02-08 00:16:45,2026-02-07 18:50:23
BIDV,5.2,2026-02-08 00:16:45,2026-02-07 18:50:23
GPBank,5.2,2026-02-08 00:16:45,2026-02-07 18:50:23
Hong Leong,4.6,2026-02-08 00:16:45,2026-02-07 18:50:23
Indovina,5.8,2026-02-08 00:16:45,2026-02-07 18:50:23
Kiên Long,5.5,2026-02-08 00:16:45,2026-02-07 18:50:23
MSB,5.3,2026-02-08 00:16:45,2026-02-07 18:50:23
MB,4.85,2026-02-08 00:16:45,2026-02-07 18:50:23
OCB,6.5,2026-02-08 00:16:45,2026-02-07 18:50:23
oceanbank,5.7,2026-02-08 00:16:45,2026-02-07 18:50:23
PGBank,7.2,2026-02-08 00:16:45,2026-02-07 18:50:23
PublicBank,6.2,2026-02-08 00:16:45,2026-02-07 18:50:23
PVcomBank,9.0,2026-02-08 00:16:45,2026-02-07 18:50:23
Saigonbank,6.3,2026-02-08 00:16:45,2026-02-07 18:50:23
SCB,3.7,2026-02-08 00:16:45,2026-02-07 18:50:23
SeABank,4.5,2026-02-08 00:16:45,2026-02-07 18:50:23
VCBNeo,5.3,2026-02-08 00:16:45,2026-02-07 18:50:23
VietCapitalBank,6.45,2026-02-08 00:16:45,2026-02-07 18:50:23
Vietcombank,4.6,2026-02-08 00:16:45,2026-02-07 18:50:23
VietinBank,5.2,2026-02-08 00:16:45,2026-02-07 18:50:23
VPBank,5.8,2026-02-08 00:16:45,2026-02-07 18:50:23
VRB,6.2,2026-02-08 00:16:45,2026-02-07 18:50:23
Agribank,4.7,2026-02-08 00:48:30,2026-02-07 18:50:23
Bắc Á,6.85,2026-02-08 00:48:30,2026-02-07 18:50:23
Bảo Việt,5.8,2026-02-08 00:48:30,2026-02-07 18:50:23
BIDV,5.2,2026-02-08 00:48:30,2026-02-07 18:50:23
GPBank,5.2,2026-02-08 00:48:30,2026-02-07 18:50:23
Hong Leong,4.6,2026-02-08 00:48:30,2026-02-07 18:50:23
Indovina,5.8,2026-02-08 00:48:30,2026-02-07 18:50:23
Kiên Long,5.5,2026-02-08 00:48:30,2026-02-07 18:50:23
MSB,5.3,2026-02-08 00:48:30,2026-02-07 18:50:23
MB,4.85,2026-02-08 00:48:30,2026-02-07 18:50:23
OCB,6.5,2026-02-08 00:48:30,2026-02-07 18:50:23
oceanbank,5.7,2026-02-08 00:48:30,2026-02-07 18:50:23
PGBank,7.2,2026-02-08 00:48:30,2026-02-07 18:50:23
PublicBank,6.2,2026-02-08 00:48:30,2026-02-07 18:50:23
PVcomBank,9.0,2026-02-08 00:48:30,2026-02-07 18:50:23
Saigonbank,6.3,2026-02-08 00:48:30,2026-02-07 18:50:23
SCB,3.7,2026-02-08 00:48:30,2026-02-07 18:50:23
SeABank,4.5,2026-02-08 00:48:30,2026-02-07 18:50:23
VCBNeo,5.3,2026-02-08 00:48:30,2026-02-07 18:50:23
VietCapitalBank,6.45,2026-02-08 00:48:30,2026-02-07 18:50:23
Vietcombank,4.6,2026-02-08 00:48:30,2026-02-07 18:50:23
VietinBank,5.2,2026-02-08 00:48:30,2026-02-07 18:50:23
VPBank,5.8,2026-02-08 00:48:30,2026-02-07 18:50:23
VRB,6.2,2026-02-08 00:48:30,2026-02-07 18:50:23
Agribank,4.7,2026-02-08 01:17:52,2026-02-07 18:50:23
Bắc Á,6.85,2026-02-08 01:17:52,2026-02-07 18:50:23
Bảo Việt,5.8,2026-02-08 01:17:52,2026-02-07 18:50:23
BIDV,5.2,2026-02-08 01:17:52,2026-02-07 18:50:23
GPBank,5.2,2026-02-08 01:17:52,2026-02-07 18:50:23
Hong Leong,4.6,2026-02-08 01:17:52,2026-02-07 18:50:23
Indovina,5.8,2026-02-08 01:17:52,2026-02-07 18:50:23
Kiên Long,5.5,2026-02-08 01:17:52,2026-02-07 18:50:23
MSB,5.3,2026-02-08 01:17:52,2026-02-07 18:50:23
MB,4.85,2026-02-08 01:17:52,2026-02-07 18:50:23
OCB,6.5,2026-02-08 01:17:52,2026-02-07 18:50:23
oceanbank,5.7,2026-02-08 01:17:52,2026-02-07 18:50:23
PGBank,7.2,2026-02-08 01:17:52,2026-02-07 18:50:23
PublicBank,6.2,2026-02-08 01:17:52,2026-02-07 18:50:23
PVcomBank,9.0,2026-02-08 01:17:52,2026-02-07 18:50:23
Saigonbank,6.3,2026-02-08 01:17:52,2026-02-07 18:50:23
SCB,3.7,2026-02-08 01:17:52,2026-02-07 18:50:23
SeABank,4.5,2026-02-08 01:17:52,2026-02-07 18:50:23
VCBNeo,5.3,2026-02-08 01:17:52,2026-02-07 18:50:23
VietCapitalBank,6.45,2026-02-08 01:17:52,2026-02-07 18:50:23
Vietcombank,4.6,2026-02-08 01:17:52,2026-02-07 18:50:23
VietinBank,5.2,2026-02-08 01:17:52,2026-02-07 18:50:23
VPBank,5.8,2026-02-08 01:17:52,2026-02-07 18:50:23
VRB,6.2,2026-02-08 01:17:52,2026-02-07 18:50:23
Agribank,4.7,2026-02-08 01:57:40,2026-02-07 18:50:23
Bắc Á,6.85,2026-02-08 01:57:40,2026-02-07 18:50:23
Bảo Việt,5.8,2026-02-08 01:57:40,2026-02-07 18:50:23
BIDV,5.2,2026-02-08 01:57:40,2026-02-07 18:50:23
GPBank,5.2,2026-02-08 01:57:40,2026-02-07 18:50:23
Hong Leong,4.6,2026-02-08 01:57:40,2026-02-07 18:50:23
Indovina,5.8,2026-02-08 01:57:40,2026-02-07 18:50:23
Kiên Long,5.5,2026-02-08 01:57:40,2026-02-07 18:50:23
MSB,5.3,2026-02-08 01:57:40,2026-02-07 18:50:23
MB,4.85,2026-02-08 01:57:40,2026-02-07 18:50:23
OCB,6.5,2026-02-08 01:57:40,2026-02-07 18:50:23
oceanbank,5.7,2026-02-08 01:57:40,2026-02-07 18:50:23
PGBank,7.2,2026-02-08 01:57:40,2026-02-07 18:50:23
PublicBank,6.2,2026-02-08 01:57:40,2026-02-07 18:50:23
PVcomBank,9.0,2026-02-08 01:57:40,2026-02-07 18:50:23
Saigonbank,6.3,2026-02-08 01:57:40,2026-02-07 18:50:23
SCB,3.7,2026-02-08 01:57:40,2026-02-07 18:50:23
SeABank,4.5,2026-02-08 01:57:40,2026-02-07 18:50:23
VCBNeo,5.3,2026-02-08 01:57:40,2026-02-07 18:50:23
VietCapitalBank,6.45,2026-02-08 01:57:40,2026-02-07 18:50:23
Vietcombank,4.6,2026-02-08 01:57:40,2026-02-07 18:50:23
VietinBank,5.2,2026-02-08 01:57:40,2026-02-07 18:50:23
VPBank,5.8,2026-02-08 01:57:40,2026-02-07 18:50:23
VRB,6.2,2026-02-08 01:57:40,2026-02-07 18:50:23
Agribank,4.7,2026-02-08 02:19:33,2026-02-07 18:50:23
Bắc Á,6.85,2026-02-08 02:19:33,2026-02-07 18:50:23
Bảo Việt,5.8,2026-02-08 02:19:33,2026-02-07 18:50:23
BIDV,5.2,2026-02-08 02:19:33,2026-02-07 18:50:23
GPBank,5.2,2026-02-08 02:19:33,2026-02-07 18:50:23
Hong Leong,4.6,2026-02-08 02:19:33,2026-02-07 18:50:23
Indovina,5.8,2026-02-08 02:19:33,2026-02-07 18:50:23
Kiên Long,5.5,2026-02-08 02:19:33,2026-02-07 18:50:23
MSB,5.3,2026-02-08 02:19:33,2026-02-07 18:50:23
MB,4.85,2026-02-08 02:19:33,2026-02-07 18:50:23
OCB,6.5,2026-02-08 02:19:33,2026-02-07 18:50:23
oceanbank,5.7,2026-02-08 02:19:33,2026-02-07 18:50:23
PGBank,7.2,2026-02-08 02:19:33,2026-02-07 18:50:23
PublicBank,6.2,2026-02-08 02:19:33,2026-02-07 18:50:23
PVcomBank,9.0,2026-02-08 02:19:33,2026-02-07 18:50:23
Saigonbank,6.3,2026-02-08 02:19:33,2026-02-07 18:50:23
SCB,3.7,2026-02-08 02:19:33,2026-02-07 18:50:23
SeABank,4.5,2026-02-08 02:19:33,2026-02-07 18:50:23
VCBNeo,5.3,2026-02-08 02:19:33,2026-02-07 18:50:23
VietCapitalBank,6.45,2026-02-08 02:19:33,2026-02-07 18:50:23
Vietcombank,4.6,2026-02-08 02:19:33,2026-02-07 18:50:23
VietinBank,5.2,2026-02-08 02:19:33,2026-02-07 18:50:23
VPBank,5.8,2026-02-08 02:19:33,2026-02-07 18:50:23
VRB,6.2,2026-02-08 02:19:33,2026-02-07 18:50:23
Agribank,4.7,2026-02-08 02:42:34,2026-02-07 18:50:23
Bắc Á,6.85,2026-02-08 02:42:34,2026-02-07 18:50:23
Bảo Việt,5.8,2026-02-08 02:42:34,2026-02-07 18:50:23
BIDV,5.2,2026-02-08 02:42:34,2026-02-07 18:50:23
GPBank,5.2,2026-02-08 02:42:34,2026-02-07 18:50:23
Hong Leong,4.6,2026-02-08 02:42:34,2026-02-07 18:50:23
Indovina,5.8,2026-02-08 02:42:34,2026-02-07 18:50:23
Kiên Long,5.5,2026-02-08 02:42:34,2026-02-07 18:50:23
MSB,5.3,2026-02-08 02:42:34,2026-02-07 18:50:23
MB,4.85,2026-02-08 02:42:34,2026-02-07 18:50:23
OCB,6.5,2026-02-08 02:42:34,2026-02-07 18:50:23
oceanbank,5.7,2026-02-08 02:42:34,2026-02-07 18:50:23
PGBank,7.2,2026-02-08 02:42:34,2026-02-07 18:50:23
PublicBank,6.2,2026-02-08 02:42:34,2026-02-07 18:50:23
PVcomBank,9.0,2026-02-08 02:42:34,2026-02-07 18:50:23
Saigonbank,6.3,2026-02-08 02:42:34,2026-02-07 18:50:23
SCB,3.7,2026-02-08 02:42:34,2026-02-07 18:50:23
SeABank,4.5,2026-02-08 02:42:34,2026-02-07 18:50:23
VCBNeo,5.3,2026-02-08 02:42:34,2026-02-07 18:50:23
VietCapitalBank,6.45,2026-02-08 02:42:34,2026-02-07 18:50:23
Vietcombank,4.6,2026-02-08 02:42:34,2026-02-07 18:50:23
VietinBank,5.2,2026-02-08 02:42:34,2026-02-07 18:50:23
VPBank,5.8,2026-02-08 02:42:34,2026-02-07 18:50:23
VRB,6.2,2026-02-08 02:42:34,2026-02-07 18:50:23
Agribank,4.7,2026-02-08 03:13:13,2026-02-07 18:50:23
Bắc Á,6.85,2026-02-08 03:13:13,2026-02-07 18:50:23
Bảo Việt,5.8,2026-02-08 03:13:13,2026-02-07 18:50:23
BIDV,5.2,2026-02-08 03:13:13,2026-02-07 18:50:23
GPBank,5.2,2026-02-08 03:13:13,2026-02-07 18:50:23
Hong Leong,4.6,2026-02-08 03:13:13,2026-02-07 18:50:23
Indovina,5.8,2026-02-08 03:13:13,2026-02-07 18:50:23
Kiên Long,5.5,2026-02-08 03:13:13,2026-02-07 18:50:23
MSB,5.3,2026-02-08 03:13:13,2026-02-07 18:50:23
MB,4.85,2026-02-08 03:13:13,2026-02-07 18:50:23
OCB,6.5,2026-02-08 03:13:13,2026-02-07 18:50:23
oceanbank,5.7,2026-02-08 03:13:13,2026-02-07 18:50:23
PGBank,7.2,2026-02-08 03:13:13,2026-02-07 18:50:23
PublicBank,6.2,2026-02-08 03:13:13,2026-02-07 18:50:23
PVcomBank,9.0,2026-02-08 03:13:13,2026-02-07 18:50:23
Saigonbank,6.3,2026-02-08 03:13:13,2026-02-07 18:50:23
SCB,3.7,2026-02-08 03:13:13,2026-02-07 18:50:23
SeABank,4.5,2026-02-08 03:13:13,2026-02-07 18:50:23
VCBNeo,5.3,2026-02-08 03:13:13,2026-02-07 18:50:23
VietCapitalBank,6.45,2026-02-08 03:13:13,2026-02-07 18:50:23
Vietcombank,4.6,2026-02-08 03:13:13,2026-02-07 18:50:23
VietinBank,5.2,2026-02-08 03:13:13,2026-02-07 18:50:23
VPBank,5.8,2026-02-08 03:13:13,2026-02-07 18:50:23
VRB,6.2,2026-02-08 03:13:13,2026-02-07 18:50:23
Agribank,4.7,2026-02-08 03:48:10,2026-02-07 18:50:23
Bắc Á,6.85,2026-02-08 03:48:10,2026-02-07 18:50:23
Bảo Việt,5.8,2026-02-08 03:48:10,2026-02-07 18:50:23
BIDV,5.2,2026-02-08 03:48:10,2026-02-07 18:50:23
GPBank,5.2,2026-02-08 03:48:10,2026-02-07 18:50:23
Hong Leong,4.6,2026-02-08 03:48:10,2026-02-07 18:50:23
Indovina,5.8,2026-02-08 03:48:10,2026-02-07 18:50:23
Kiên Long,5.5,2026-02-08 03:48:10,2026-02-07 18:50:23
MSB,5.3,2026-02-08 03:48:10,2026-02-07 18:50:23
MB,4.85,2026-02-08 03:48:10,2026-02-07 18:50:23
OCB,6.5,2026-02-08 03:48:10,2026-02-07 18:50:23
oceanbank,5.7,2026-02-08 03:48:10,2026-02-07 18:50:23
PGBank,7.2,2026-02-08 03:48:10,2026-02-07 18:50:23
PublicBank,6.2,2026-02-08 03:48:10,2026-02-07 18:50:23
PVcomBank,9.0,2026-02-08 03:48:10,2026-02-07 18:50:23
Saigonbank,6.3,2026-02-08 03:48:10,2026-02-07 18:50:23
SCB,3.7,2026-02-08 03:48:10,2026-02-07 18:50:23
SeABank,4.5,2026-02-08 03:48:10,2026-02-07 18:50:23
VCBNeo,5.3,2026-02-08 03:48:10,2026-02-07 18:50:23
VietCapitalBank,6.45,2026-02-08 03:48:10,2026-02-07 18:50:23
Vietcombank,4.6,2026-02-08 03:48:10,2026-02-07 18:50:23
VietinBank,5.2,2026-02-08 03:48:10,2026-02-07 18:50:23
VPBank,5.8,2026-02-08 03:48:10,2026-02-07 18:50:23
VRB,6.2,2026-02-08 03:48:10,2026-02-07 18:50:23
Agribank,4.7,2026-02-08 04:15:37,2026-02-07 18:50:23
Bắc Á,6.85,2026-02-08 04:15:37,2026-02-07 18:50:23
Bảo Việt,5.8,2026-02-08 04:15:37,2026-02-07 18:50:23
BIDV,5.2,2026-02-08 04:15:37,2026-02-07 18:50:23
GPBank,5.2,2026-02-08 04:15:37,2026-02-07 18:50:23
Hong Leong,4.6,2026-02-08 04:15:37,2026-02-07 18:50:23
Indovina,5.8,2026-02-08 04:15:37,2026-02-07 18:50:23
Kiên Long,5.5,2026-02-08 04:15:37,2026-02-07 18:50:23
MSB,5.3,2026-02-08 04:15:37,2026-02-07 18:50:23
MB,4.85,2026-02-08 04:15:37,2026-02-07 18:50:23
OCB,6.5,2026-02-08 04:15:37,2026-02-07 18:50:23
oceanbank,5.7,2026-02-08 04:15:37,2026-02-07 18:50:23
PGBank,7.2,2026-02-08 04:15:37,2026-02-07 18:50:23
PublicBank,6.2,2026-02-08 04:15:37,2026-02-07 18:50:23
PVcomBank,9.0,2026-02-08 04:15:37,2026-02-07 18:50:23
Saigonbank,6.3,2026-02-08 04:15:37,2026-02-07 18:50:23
SCB,3.7,2026-02-08 04:15:37,2026-02-07 18:50:23
SeABank,4.5,2026-02-08 04:15:37,2026-02-07 18:50:23
VCBNeo,5.3,2026-02-08 04:15:37,2026-02-07 18:50:23
VietCapitalBank,6.45,2026-02-08 04:15:37,2026-02-07 18:50:23
Vietcombank,4.6,2026-02-08 04:15:37,2026-02-07 18:50:23
VietinBank,5.2,2026-02-08 04:15:37,2026-02-07 18:50:23
VPBank,5.8,2026-02-08 04:15:37,2026-02-07 18:50:23
VRB,6.2,2026-02-08 04:15:37,2026-02-07 18:50:23
Agribank,4.7,2026-02-08 04:46:18,2026-02-07 18:50:23
Bắc Á,6.85,2026-02-08 04:46:18,2026-02-07 18:50:23
Bảo Việt,5.8,2026-02-08 04:46:18,2026-02-07 18:50:23
BIDV,5.2,2026-02-08 04:46:18,2026-02-07 18:50:23
GPBank,5.2,2026-02-08 04:46:18,2026-02-07 18:50:23
Hong Leong,4.6,2026-02-08 04:46:18,2026-02-07 18:50:23
Indovina,5.8,2026-02-08 04:46:18,2026-02-07 18:50:23
Kiên Long,5.5,2026-02-08 04:46:18,2026-02-07 18:50:23
MSB,5.3,2026-02-08 04:46:18,2026-02-07 18:50:23
MB,4.85,2026-02-08 04:46:18,2026-02-07 18:50:23
OCB,6.5,2026-02-08 04:46:18,2026-02-07 18:50:23
oceanbank,5.7,2026-02-08 04:46:18,2026-02-07 18:50:23
PGBank,7.2,2026-02-08 04:46:18,2026-02-07 18:50:23
PublicBank,6.2,2026-02-08 04:46:18,2026-02-07 18:50:23
PVcomBank,9.0,2026-02-08 04:46:18,2026-02-07 18:50:23
Saigonbank,6.3,2026-02-08 04:46:18,2026-02-07 18:50:23
SCB,3.7,2026-02-08 04:46:18,2026-02-07 18:50:23
SeABank,4.5,2026-02-08 04:46:18,2026-02-07 18:50:23
VCBNeo,5.3,2026-02-08 04:46:18,2026-02-07 18:50:23
VietCapitalBank,6.45,2026-02-08 04:46:18,2026-02-07 18:50:23
Vietcombank,4.6,2026-02-08 04:46:18,2026-02-07 18:50:23
VietinBank,5.2,2026-02-08 04:46:18,2026-02-07 18:50:23
VPBank,5.8,2026-02-08 04:46:18,2026-02-07 18:50:23
VRB,6.2,2026-02-08 04:46:18,2026-02-07 18:50:23
Agribank,4.7,2026-02-08 05:14:08,2026-02-07 18:50:23
Bắc Á,6.85,2026-02-08 05:14:08,2026-02-07 18:50:23
Bảo Việt,5.8,2026-02-08 05:14:08,2026-02-07 18:50:23
BIDV,5.2,2026-02-08 05:14:08,2026-02-07 18:50:23
GPBank,5.2,2026-02-08 05:14:08,2026-02-07 18:50:23
Hong Leong,4.6,2026-02-08 05:14:08,2026-02-07 18:50:23
Indovina,5.8,2026-02-08 05:14:08,2026-02-07 18:50:23
Kiên Long,5.5,2026-02-08 05:14:08,2026-02-07 18:50:23
MSB,5.3,2026-02-08 05:14:08,2026-02-07 18:50:23
MB,4.85,2026-02-08 05:14:08,2026-02-07 18:50:23
OCB,6.5,2026-02-08 05:14:08,2026-02-07 18:50:23
oceanbank,5.7,2026-02-08 05:14:08,2026-02-07 18:50:23
PGBank,7.2,2026-02-08 05:14:08,2026-02-07 18:50:23
PublicBank,6.2,2026-02-08 05:14:08,2026-02-07 18:50:23
PVcomBank,9.0,2026-02-08 05:14:08,2026-02-07 18:50:23
Saigonbank,6.3,2026-02-08 05:14:08,2026-02-07 18:50:23
SCB,3.7,2026-02-08 05:14:08,2026-02-07 18:50:23
SeABank,4.5,2026-02-08 05:14:08,2026-02-07 18:50:23
VCBNeo,5.3,2026-02-08 05:14:08,2026-02-07 18:50:23
VietCapitalBank,6.45,2026-02-08 05:14:08,2026-02-07 18:50:23
Vietcombank,4.6,2026-02-08 05:14:08,2026-02-07 18:50:23
VietinBank,5.2,2026-02-08 05:14:08,2026-02-07 18:50:23
VPBank,5.8,2026-02-08 05:14:08,2026-02-07 18:50:23
VRB,6.2,2026-02-08 05:14:08,2026-02-07 18:50:23
Agribank,4.7,2026-02-08 05:51:21,2026-02-07 18:50:23
Bắc Á,6.85,2026-02-08 05:51:21,2026-02-07 18:50:23
Bảo Việt,5.8,2026-02-08 05:51:21,2026-02-07 18:50:23
BIDV,5.2,2026-02-08 05:51:21,2026-02-07 18:50:23
GPBank,5.2,2026-02-08 05:51:21,2026-02-07 18:50:23
Hong Leong,4.6,2026-02-08 05:51:21,2026-02-07 18:50:23
Indovina,5.8,2026-02-08 05:51:21,2026-02-07 18:50:23
Kiên Long,5.5,2026-02-08 05:51:21,2026-02-07 18:50:23
MSB,5.3,2026-02-08 05:51:21,2026-02-07 18:50:23
MB,4.85,2026-02-08 05:51:21,2026-02-07 18:50:23
OCB,6.5,2026-02-08 05:51:21,2026-02-07 18:50:23
oceanbank,5.7,2026-02-08 05:51:21,2026-02-07 18:50:23
PGBank,7.2,2026-02-08 05:51:21,2026-02-07 18:50:23
PublicBank,6.2,2026-02-08 05:51:21,2026-02-07 18:50:23
PVcomBank,9.0,2026-02-08 05:51:21,2026-02-07 18:50:23
Saigonbank,6.3,2026-02-08 05:51:21,2026-02-07 18:50:23
SCB,3.7,2026-02-08 05:51:21,2026-02-07 18:50:23
SeABank,4.5,2026-02-08 05:51:21,2026-02-07 18:50:23
VCBNeo,5.3,2026-02-08 05:51:21,2026-02-07 18:50:23
VietCapitalBank,6.45,2026-02-08 05:51:21,2026-02-07 18:50:23
Vietcombank,4.6,2026-02-08 05:51:21,2026-02-07 18:50:23
VietinBank,5.2,2026-02-08 05:51:21,2026-02-07 18:50:23
VPBank,5.8,2026-02-08 05:51:21,2026-02-07 18:50:23
VRB,6.2,2026-02-08 05:51:21,2026-02-07 18:50:23
Agribank,4.7,2026-02-08 06:17:34,2026-02-07 18:50:23
Bắc Á,6.85,2026-02-08 06:17:34,2026-02-07 18:50:23
Bảo Việt,5.8,2026-02-08 06:17:34,2026-02-07 18:50:23
BIDV,5.2,2026-02-08 06:17:34,2026-02-07 18:50:23
GPBank,5.2,2026-02-08 06:17:34,2026-02-07 18:50:23
Hong Leong,4.6,2026-02-08 06:17:34,2026-02-07 18:50:23
Indovina,5.8,2026-02-08 06:17:34,2026-02-07 18:50:23
Kiên Long,5.5,2026-02-08 06:17:34,2026-02-07 18:50:23
MSB,5.3,2026-02-08 06:17:34,2026-02-07 18:50:23
MB,4.85,2026-02-08 06:17:34,2026-02-07 18:50:23
OCB,6.5,2026-02-08 06:17:34,2026-02-07 18:50:23
oceanbank,5.7,2026-02-08 06:17:34,2026-02-07 18:50:23
PGBank,7.2,2026-02-08 06:17:34,2026-02-07 18:50:23
PublicBank,6.2,2026-02-08 06:17:34,2026-02-07 18:50:23
PVcomBank,9.0,2026-02-08 06:17:34,2026-02-07 18:50:23
Saigonbank,6.3,2026-02-08 06:17:34,2026-02-07 18:50:23
SCB,3.7,2026-02-08 06:17:34,2026-02-07 18:50:23
SeABank,4.5,2026-02-08 06:17:34,2026-02-07 18:50:23
VCBNeo,5.3,2026-02-08 06:17:34,2026-02-07 18:50:23
VietCapitalBank,6.45,2026-02-08 06:17:34,2026-02-07 18:50:23
Vietcombank,4.6,2026-02-08 06:17:34,2026-02-07 18:50:23
VietinBank,5.2,2026-02-08 06:17:34,2026-02-07 18:50:23
VPBank,5.8,2026-02-08 06:17:34,2026-02-07 18:50:23
VRB,6.2,2026-02-08 06:17:34,2026-02-07 18:50:23
Agribank,4.7,2026-02-08 06:52:43,2026-02-07 18:50:23
Bắc Á,6.85,2026-02-08 06:52:43,2026-02-07 18:50:23
Bảo Việt,5.8,2026-02-08 06:52:43,2026-02-07 18:50:23
BIDV,5.2,2026-02-08 06:52:43,2026-02-07 18:50:23
GPBank,5.2,2026-02-08 06:52:43,2026-02-07 18:50:23
Hong Leong,4.6,2026-02-08 06:52:43,2026-02-07 18:50:23
Indovina,5.8,2026-02-08 06:52:43,2026-02-07 18:50:23
Kiên Long,5.5,2026-02-08 06:52:43,2026-02-07 18:50:23
MSB,5.3,2026-02-08 06:52:43,2026-02-07 18:50:23
MB,4.85,2026-02-08 06:52:43,2026-02-07 18:50:23
OCB,6.5,2026-02-08 06:52:43,2026-02-07 18:50:23
oceanbank,5.7,2026-02-08 06:52:43,2026-02-07 18:50:23
PGBank,7.2,2026-02-08 06:52:43,2026-02-07 18:50:23
PublicBank,6.2,2026-02-08 06:52:43,2026-02-07 18:50:23
PVcomBank,9.0,2026-02-08 06:52:43,2026-02-07 18:50:23
Saigonbank,6.3,2026-02-08 06:52:43,2026-02-07 18:50:23
SCB,3.7,2026-02-08 06:52:43,2026-02-07 18:50:23
SeABank,4.5,2026-02-08 06:52:43,2026-02-07 18:50:23
VCBNeo,5.3,2026-02-08 06:52:43,2026-02-07 18:50:23
VietCapitalBank,6.45,2026-02-08 06:52:43,2026-02-07 18:50:23
Vietcombank,4.6,2026-02-08 06:52:43,2026-02-07 18:50:23
VietinBank,5.2,2026-02-08 06:52:43,2026-02-07 18:50:23
VPBank,5.8,2026-02-08 06:52:43,2026-02-07 18:50:23
VRB,6.2,2026-02-08 06:52:43,2026-02-07 18:50:23
Agribank,4.7,2026-02-08 08:18:24,2026-02-08 08:10:23
Bắc Á,6.85,2026-02-08 08:18:24,2026-02-08 08:10:23
Bảo Việt,5.8,2026-02-08 08:18:24,2026-02-08 08:10:23
BIDV,5.2,2026-02-08 08:18:24,2026-02-08 08:10:23
GPBank,5.2,2026-02-08 08:18:24,2026-02-08 08:10:23
Hong Leong,4.6,2026-02-08 08:18:24,2026-02-08 08:10:23
Indovina,5.8,2026-02-08 08:18:24,2026-02-08 08:10:23
Kiên Long,5.5,2026-02-08 08:18:24,2026-02-08 08:10:23
MSB,5.3,2026-02-08 08:18:24,2026-02-08 08:10:23
MB,4.85,2026-02-08 08:18:24,2026-02-08 08:10:23
OCB,6.5,2026-02-08 08:18:24,2026-02-08 08:10:23
oceanbank,5.7,2026-02-08 08:18:24,2026-02-08 08:10:23
PGBank,7.2,2026-02-08 08:18:24,2026-02-08 08:10:23
PublicBank,6.2,2026-02-08 08:18:24,2026-02-08 08:10:23
PVcomBank,9.0,2026-02-08 08:18:24,2026-02-08 08:10:23
Saigonbank,6.3,2026-02-08 08:18:24,2026-02-08 08:10:23
SCB,3.7,2026-02-08 08:18:24,2026-02-08 08:10:23
SeABank,4.5,2026-02-08 08:18:24,2026-02-08 08:10:23
VCBNeo,5.3,2026-02-08 08:18:24,2026-02-08 08:10:23
VietCapitalBank,6.45,2026-02-08 08:18:24,2026-02-08 08:10:23
Vietcombank,4.6,2026-02-08 08:18:24,2026-02-08 08:10:23
VietinBank,5.2,2026-02-08 08:18:24,2026-02-08 08:10:23
VPBank,5.8,2026-02-08 08:18:24,2026-02-08 08:10:23
VRB,6.2,2026-02-08 08:18:24,2026-02-08 08:10:23
Agribank,4.7,2026-02-08 11:12:24,2026-02-08 11:10:23
Bắc Á,6.85,2026-02-08 11:12:24,2026-02-08 11:10:23
Bảo Việt,5.8,2026-02-08 11:12:24,2026-02-08 11:10:23
BIDV,5.2,2026-02-08 11:12:24,2026-02-08 11:10:23
GPBank,5.2,2026-02-08 11:12:24,2026-02-08 11:10:23
Hong Leong,4.6,2026-02-08 11:12:24,2026-02-08 11:10:23
Indovina,5.8,2026-02-08 11:12:24,2026-02-08 11:10:23
Kiên Long,5.5,2026-02-08 11:12:24,2026-02-08 11:10:23
MSB,5.3,2026-02-08 11:12:24,2026-02-08 11:10:23
MB,4.85,2026-02-08 11:12:24,2026-02-08 11:10:23
OCB,6.5,2026-02-08 11:12:24,2026-02-08 11:10:23
oceanbank,5.7,2026-02-08 11:12:24,2026-02-08 11:10:23
PGBank,7.2,2026-02-08 11:12:24,2026-02-08 11:10:23
PublicBank,6.2,2026-02-08 11:12:24,2026-02-08 11:10:23
PVcomBank,9.0,2026-02-08 11:12:24,2026-02-08 11:10:23
Saigonbank,6.3,2026-02-08 11:12:24,2026-02-08 11:10:23
SCB,3.7,2026-02-08 11:12:24,2026-02-08 11:10:23
SeABank,4.5,2026-02-08 11:12:24,2026-02-08 11:10:23
VCBNeo,5.3,2026-02-08 11:12:24,2026-02-08 11:10:23
VietCapitalBank,6.45,2026-02-08 11:12:24,2026-02-08 11:10:23
Vietcombank,4.6,2026-02-08 11:12:24,2026-02-08 11:10:23
VietinBank,5.2,2026-02-08 11:12:24,2026-02-08 11:10:23
VPBank,5.8,2026-02-08 11:12:24,2026-02-08 11:10:23
VRB,6.2,2026-02-08 11:12:24,2026-02-08 11:10:23
Agribank,4.7,2026-02-08 12:44:20,2026-02-08 12:40:23
Bắc Á,6.85,2026-02-08 12:44:20,2026-02-08 12:40:23
Bảo Việt,5.8,2026-02-08 12:44:20,2026-02-08 12:40:23
BIDV,5.2,2026-02-08 12:44:20,2026-02-08 12:40:23
GPBank,5.2,2026-02-08 12:44:20,2026-02-08 12:40:23
Hong Leong,4.6,2026-02-08 12:44:20,2026-02-08 12:40:23
Indovina,5.8,2026-02-08 12:44:20,2026-02-08 12:40:23
Kiên Long,5.5,2026-02-08 12:44:20,2026-02-08 12:40:23
MSB,5.3,2026-02-08 12:44:20,2026-02-08 12:40:23
MB,4.85,2026-02-08 12:44:20,2026-02-08 12:40:23
OCB,6.5,2026-02-08 12:44:20,2026-02-08 12:40:23
oceanbank,5.7,2026-02-08 12:44:20,2026-02-08 12:40:23
PGBank,7.2,2026-02-08 12:44:20,2026-02-08 12:40:23
PublicBank,6.2,2026-02-08 12:44:20,2026-02-08 12:40:23
PVcomBank,9.0,2026-02-08 12:44:20,2026-02-08 12:40:23
Saigonbank,6.3,2026-02-08 12:44:20,2026-02-08 12:40:23
SCB,3.7,2026-02-08 12:44:20,2026-02-08 12:40:23
SeABank,4.5,2026-02-08 12:44:20,2026-02-08 12:40:23
VCBNeo,5.3,2026-02-08 12:44:20,2026-02-08 12:40:23
VietCapitalBank,6.45,2026-02-08 12:44:20,2026-02-08 12:40:23
Vietcombank,4.6,2026-02-08 12:44:20,2026-02-08 12:40:23
VietinBank,5.2,2026-02-08 12:44:20,2026-02-08 12:40:23
VPBank,5.8,2026-02-08 12:44:20,2026-02-08 12:40:23
VRB,6.2,2026-02-08 12:44:20,2026-02-08 12:40:23
Agribank,4.7,2026-02-08 13:36:07,2026-02-08 13:30:23
Bắc Á,6.85,2026-02-08 13:36:07,2026-02-08 13:30:23
Bảo Việt,5.8,2026-02-08 13:36:07,2026-02-08 13:30:23
BIDV,5.2,2026-02-08 13:36:07,2026-02-08 13:30:23
GPBank,5.2,2026-02-08 13:36:07,2026-02-08 13:30:23
Hong Leong,4.6,2026-02-08 13:36:07,2026-02-08 13:30:23
Indovina,5.8,2026-02-08 13:36:07,2026-02-08 13:30:23
Kiên Long,5.5,2026-02-08 13:36:07,2026-02-08 13:30:23
MSB,5.3,2026-02-08 13:36:07,2026-02-08 13:30:23
MB,4.85,2026-02-08 13:36:07,2026-02-08 13:30:23
OCB,6.5,2026-02-08 13:36:07,2026-02-08 13:30:23
oceanbank,5.7,2026-02-08 13:36:07,2026-02-08 13:30:23
PGBank,7.2,2026-02-08 13:36:07,2026-02-08 13:30:23
PublicBank,6.2,2026-02-08 13:36:07,2026-02-08 13:30:23
PVcomBank,9.0,2026-02-08 13:36:07,2026-02-08 13:30:23
Saigonbank,6.3,2026-02-08 13:36:07,2026-02-08 13:30:23
SCB,3.7,2026-02-08 13:36:07,2026-02-08 13:30:23
SeABank,4.5,2026-02-08 13:36:07,2026-02-08 13:30:23
VCBNeo,5.3,2026-02-08 13:36:07,2026-02-08 13:30:23
VietCapitalBank,6.45,2026-02-08 13:36:07,2026-02-08 13:30:23
Vietcombank,4.6,2026-02-08 13:36:07,2026-02-08 13:30:23
VietinBank,5.2,2026-02-08 13:36:07,2026-02-08 13:30:23
VPBank,5.8,2026-02-08 13:36:07,2026-02-08 13:30:23
VRB,6.2,2026-02-08 13:36:07,2026-02-08 13:30:23
Agribank,4.7,2026-02-08 14:31:38,2026-02-08 14:30:23
Bắc Á,6.85,2026-02-08 14:31:38,2026-02-08 14:30:23
Bảo Việt,5.8,2026-02-08 14:31:38,2026-02-08 14:30:23
BIDV,5.2,2026-02-08 14:31:38,2026-02-08 14:30:23
GPBank,5.2,2026-02-08 14:31:38,2026-02-08 14:30:23
Hong Leong,4.6,2026-02-08 14:31:38,2026-02-08 14:30:23
Indovina,5.8,2026-02-08 14:31:38,2026-02-08 14:30:23
Kiên Long,5.5,2026-02-08 14:31:38,2026-02-08 14:30:23
MSB,5.3,2026-02-08 14:31:38,2026-02-08 14:30:23
MB,4.85,2026-02-08 14:31:38,2026-02-08 14:30:23
OCB,6.5,2026-02-08 14:31:38,2026-02-08 14:30:23
oceanbank,5.7,2026-02-08 14:31:38,2026-02-08 14:30:23
PGBank,7.2,2026-02-08 14:31:38,2026-02-08 14:30:23
PublicBank,6.2,2026-02-08 14:31:38,2026-02-08 14:30:23
PVcomBank,9.0,2026-02-08 14:31:38,2026-02-08 14:30:23
Saigonbank,6.3,2026-02-08 14:31:38,2026-02-08 14:30:23
SCB,3.7,2026-02-08 14:31:38,2026-02-08 14:30:23
SeABank,4.5,2026-02-08 14:31:38,2026-02-08 14:30:23
VCBNeo,5.3,2026-02-08 14:31:38,2026-02-08 14:30:23
VietCapitalBank,6.45,2026-02-08 14:31:38,2026-02-08 14:30:23
Vietcombank,4.6,2026-02-08 14:31:38,2026-02-08 14:30:23
VietinBank,5.2,2026-02-08 14:31:38,2026-02-08 14:30:23
VPBank,5.8,2026-02-08 14:31:38,2026-02-08 14:30:23
VRB,6.2,2026-02-08 14:31:38,2026-02-08 14:30:23
Agribank,4.7,2026-02-08 15:19:21,2026-02-08 15:10:23
Bắc Á,6.85,2026-02-08 15:19:21,2026-02-08 15:10:23
Bảo Việt,5.8,2026-02-08 15:19:21,2026-02-08 15:10:23
BIDV,5.2,2026-02-08 15:19:21,2026-02-08 15:10:23
GPBank,5.2,2026-02-08 15:19:21,2026-02-08 15:10:23
Hong Leong,4.6,2026-02-08 15:19:21,2026-02-08 15:10:23
Indovina,5.8,2026-02-08 15:19:21,2026-02-08 15:10:23
Kiên Long,5.5,2026-02-08 15:19:21,2026-02-08 15:10:23
MSB,5.3,2026-02-08 15:19:21,2026-02-08 15:10:23
MB,4.85,2026-02-08 15:19:21,2026-02-08 15:10:23
OCB,6.5,2026-02-08 15:19:21,2026-02-08 15:10:23
oceanbank,5.7,2026-02-08 15:19:21,2026-02-08 15:10:23
PGBank,7.2,2026-02-08 15:19:21,2026-02-08 15:10:23
PublicBank,6.2,2026-02-08 15:19:21,2026-02-08 15:10:23
PVcomBank,9.0,2026-02-08 15:19:21,2026-02-08 15:10:23
Saigonbank,6.3,2026-02-08 15:19:21,2026-02-08 15:10:23
SCB,3.7,2026-02-08 15:19:21,2026-02-08 15:10:23
SeABank,4.5,2026-02-08 15:19:21,2026-02-08 15:10:23
VCBNeo,5.3,2026-02-08 15:19:21,2026-02-08 15:10:23
VietCapitalBank,6.45,2026-02-08 15:19:21,2026-02-08 15:10:23
Vietcombank,4.6,2026-02-08 15:19:21,2026-02-08 15:10:23
VietinBank,5.2,2026-02-08 15:19:21,2026-02-08 15:10:23
VPBank,5.8,2026-02-08 15:19:21,2026-02-08 15:10:23
VRB,6.2,2026-02-08 15:19:21,2026-02-08 15:10:23
Agribank,4.7,2026-02-08 15:54:09,2026-02-08 15:50:23
Bắc Á,6.85,2026-02-08 15:54:09,2026-02-08 15:50:23
Bảo Việt,5.8,2026-02-08 15:54:09,2026-02-08 15:50:23
BIDV,5.2,2026-02-08 15:54:09,2026-02-08 15:50:23
GPBank,5.2,2026-02-08 15:54:09,2026-02-08 15:50:23
Hong Leong,4.6,2026-02-08 15:54:09,2026-02-08 15:50:23
Indovina,5.8,2026-02-08 15:54:09,2026-02-08 15:50:23
Kiên Long,5.5,2026-02-08 15:54:09,2026-02-08 15:50:23
MSB,5.3,2026-02-08 15:54:09,2026-02-08 15:50:23
MB,4.85,2026-02-08 15:54:09,2026-02-08 15:50:23
OCB,6.5,2026-02-08 15:54:09,2026-02-08 15:50:23
oceanbank,5.7,2026-02-08 15:54:09,2026-02-08 15:50:23
PGBank,7.2,2026-02-08 15:54:09,2026-02-08 15:50:23
PublicBank,6.2,2026-02-08 15:54:09,2026-02-08 15:50:23
PVcomBank,9.0,2026-02-08 15:54:09,2026-02-08 15:50:23
Saigonbank,6.3,2026-02-08 15:54:09,2026-02-08 15:50:23
SCB,3.7,2026-02-08 15:54:09,2026-02-08 15:50:23
SeABank,4.5,2026-02-08 15:54:09,2026-02-08 15:50:23
VCBNeo,5.3,2026-02-08 15:54:09,2026-02-08 15:50:23
VietCapitalBank,6.45,2026-02-08 15:54:09,2026-02-08 15:50:23
Vietcombank,4.6,2026-02-08 15:54:09,2026-02-08 15:50:23
VietinBank,5.2,2026-02-08 15:54:09,2026-02-08 15:50:23
VPBank,5.8,2026-02-08 15:54:09,2026-02-08 15:50:23
VRB,6.2,2026-02-08 15:54:09,2026-02-08 15:50:23
Agribank,4.7,2026-02-08 16:19:21,2026-02-08 16:10:23
Bắc Á,6.85,2026-02-08 16:19:21,2026-02-08 16:10:23
Bảo Việt,5.8,2026-02-08 16:19:21,2026-02-08 16:10:23
BIDV,5.2,2026-02-08 16:19:21,2026-02-08 16:10:23
GPBank,5.2,2026-02-08 16:19:21,2026-02-08 16:10:23
Hong Leong,4.6,2026-02-08 16:19:21,2026-02-08 16:10:23
Indovina,5.8,2026-02-08 16:19:21,2026-02-08 16:10:23
Kiên Long,5.5,2026-02-08 16:19:21,2026-02-08 16:10:23
MSB,5.3,2026-02-08 16:19:21,2026-02-08 16:10:23
MB,4.85,2026-02-08 16:19:21,2026-02-08 16:10:23
OCB,6.5,2026-02-08 16:19:21,2026-02-08 16:10:23
oceanbank,5.7,2026-02-08 16:19:21,2026-02-08 16:10:23
PGBank,7.2,2026-02-08 16:19:21,2026-02-08 16:10:23
PublicBank,6.2,2026-02-08 16:19:21,2026-02-08 16:10:23
PVcomBank,9.0,2026-02-08 16:19:21,2026-02-08 16:10:23
Saigonbank,6.3,2026-02-08 16:19:21,2026-02-08 16:10:23
SCB,3.7,2026-02-08 16:19:21,2026-02-08 16:10:23
SeABank,4.5,2026-02-08 16:19:21,2026-02-08 16:10:23
VCBNeo,5.3,2026-02-08 16:19:21,2026-02-08 16:10:23
VietCapitalBank,6.45,2026-02-08 16:19:21,2026-02-08 16:10:23
Vietcombank,4.6,2026-02-08 16:19:21,2026-02-08 16:10:23
VietinBank,5.2,2026-02-08 16:19:21,2026-02-08 16:10:23
VPBank,5.8,2026-02-08 16:19:21,2026-02-08 16:10:23
VRB,6.2,2026-02-08 16:19:21,2026-02-08 16:10:23
