Ngày,Thời điểm cập nhật giá mới,Thời điểm cập nhật dữ liệu,Mã vàng,Loại vàng,Giá mua,Giá bán,Day change buy,Day change sell,Currency,Số lần update
2026-09-27,00:00:00,2026-09-27 10:59:35.145,BT9999NTT,Bao Tin 9999,141400000.0,145400000,,,,1
2026-09-27,00:00:00,2026-09-27 10:59:35.145,BTSJC,Bao Tin SJC,141400000.0,144400000,,,,1
2026-09-27,00:00:00,2026-09-27 10:59:35.145,DOHCML,DOJI HCM,141400000.0,144400000,,,,1
2026-09-27,00:00:00,2026-09-27 10:59:35.145,DOHNL,DOJI Hanoi,141400000.0,144400000,,,,1
2026-09-27,00:00:00,2026-09-27 10:59:35.145,DOJINHTV,DOJI Jewelry,141500000.0,145500000,,,,1
2026-09-27,00:00:00,2026-09-27 10:59:35.145,PQHN24NTT,PNJ 24K,141400000.0,144400000,,,,1
2026-09-27,00:00:00,2026-09-27 10:59:35.145,PQHNVM,PNJ Hanoi,141400000.0,144400000,,,,1
2026-09-27,00:00:00,2026-09-27 10:59:35.145,SJ9999,SJC Ring,140900000.0,143900000,,,,1
2026-09-27,00:00:00,2026-09-27 10:59:35.145,SJL1L10,SJC 9999,141400000.0,144400000,,,,1
2026-09-27,00:00:00,2026-09-27 10:59:35.145,VIETTINMSJC,Viettin SJC,141400000.0,144400000,,,,1
2026-09-27,00:00:00,2026-09-27 10:59:35.145,VNGSJC,VN Gold SJC,141400000.0,144400000,,,,1
2026-09-27,00:00:00,2026-09-27 10:59:35.145,XAUUSD,World Gold (XAU/USD),4286.2,0,,,,1
2026-09-27,11:30:00,2026-09-27 23:59:37.281,BT9999NTT,Bao Tin 9999,141200000.0,145200000,,,,1
2026-09-27,11:30:00,2026-09-27 23:59:37.281,BTSJC,Bao Tin SJC,141400000.0,144400000,,,,1
2026-09-27,11:30:00,2026-09-27 23:59:37.281,DOHCML,DOJI HCM,141400000.0,144400000,,,,1
2026-09-27,11:30:00,2026-09-27 23:59:37.281,DOHNL,DOJI Hanoi,141400000.0,144400000,,,,1
2026-09-27,11:30:00,2026-09-27 23:59:37.281,DOJINHTV,DOJI Jewelry,141500000.0,145500000,,,,1
2026-09-27,11:30:00,2026-09-27 23:59:37.281,PQHN24NTT,PNJ 24K,141400000.0,144400000,,,,1
2026-09-27,11:30:00,2026-09-27 23:59:37.281,PQHNVM,PNJ Hanoi,141400000.0,144400000,,,,1
2026-09-27,11:30:00,2026-09-27 23:59:37.281,SJ9999,SJC Ring,140900000.0,143900000,,,,1
2026-09-27,11:30:00,2026-09-27 23:59:37.281,SJL1L10,SJC 9999,141400000.0,144400000,,,,1
2026-09-27,11:30:00,2026-09-27 23:59:37.281,VIETTINMSJC,Viettin SJC,141400000.0,144400000,,,,1
2026-09-27,11:30:00,2026-09-27 23:59:37.281,VNGSJC,VN Gold SJC,141400000.0,144400000,,,,1
2026-09-27,11:30:00,2026-09-27 23:59:37.281,XAUUSD,World Gold (XAU/USD),4286.2,0,,,,1
2026-09-28,00:00:00,2026-09-28 04:59:35.681,BT9999NTT,Bao Tin 9999,141200000.0,145200000,,,,1
2026-09-28,00:00:00,2026-09-28 04:59:35.681,BTSJC,Bao Tin SJC,141400000.0,144400000,,,,1
2026-09-28,00:00:00,2026-09-28 04:59:35.681,DOHCML,DOJI HCM,141400000.0,144400000,,,,1
2026-09-28,00:00:00,2026-09-28 04:59:35.681,DOHNL,DOJI Hanoi,141400000.0,144400000,,,,1
2026-09-28,00:00:00,2026-09-28 04:59:35.681,DOJINHTV,DOJI Jewelry,141500000.0,145500000,,,,1
2026-09-28,00:00:00,2026-09-28 04:59:35.681,PQHN24NTT,PNJ 24K,141400000.0,144400000,,,,1
2026-09-28,00:00:00,2026-09-28 04:59:35.681,PQHNVM,PNJ Hanoi,141400000.0,144400000,,,,1
2026-09-28,00:00:00,2026-09-28 04:59:35.681,SJ9999,SJC Ring,140900000.0,143900000,,,,1
2026-09-28,00:00:00,2026-09-28 04:59:35.681,SJL1L10,SJC 9999,141400000.0,144400000,,,,1
2026-09-28,00:00:00,2026-09-28 04:59:35.681,VIETTINMSJC,Viettin SJC,141400000.0,144400000,,,,1
2026-09-28,00:00:00,2026-09-28 04:59:35.681,VNGSJC,VN Gold SJC,141400000.0,144400000,,,,1
2026-09-28,00:00:00,2026-09-28 04:59:35.681,XAUUSD,World Gold (XAU/USD),4286.2,0,,,,1
2026-09-28,05:30:00,2026-09-28 05:59:34.225,BT9999NTT,Bao Tin 9999,141200000.0,145200000,,,,1
2026-09-28,05:30:00,2026-09-28 05:59:34.225,BTSJC,Bao Tin SJC,141400000.0,144400000,,,,1
2026-09-28,05:30:00,2026-09-28 05:59:34.225,DOHCML,DOJI HCM,141400000.0,144400000,,,,1
2026-09-28,05:30:00,2026-09-28 05:59:34.225,DOHNL,DOJI Hanoi,141400000.0,144400000,,,,1
2026-09-28,05:30:00,2026-09-28 05:59:34.225,DOJINHTV,DOJI Jewelry,141500000.0,145500000,,,,1
2026-09-28,05:30:00,2026-09-28 05:59:34.225,PQHN24NTT,PNJ 24K,141400000.0,144400000,,,,1
2026-09-28,05:30:00,2026-09-28 05:59:34.225,PQHNVM,PNJ Hanoi,141400000.0,144400000,,,,1
2026-09-28,05:30:00,2026-09-28 05:59:34.225,SJ9999,SJC Ring,140900000.0,143900000,,,,1
2026-09-28,05:30:00,2026-09-28 05:59:34.225,SJL1L10,SJC 9999,141400000.0,144400000,,,,1
2026-09-28,05:30:00,2026-09-28 05:59:34.225,VIETTINMSJC,Viettin SJC,141400000.0,144400000,,,,1
2026-09-28,05:30:00,2026-09-28 05:59:34.225,VNGSJC,VN Gold SJC,141400000.0,144400000,,,,1
2026-09-28,05:30:00,2026-09-28 05:59:34.225,XAUUSD,World Gold (XAU/USD),4271.0,0,,,,1
2026-09-28,06:30:00,2026-09-28 06:59:35.017,BT9999NTT,Bao Tin 9999,141200000.0,145200000,,,,1
2026-09-28,06:30:00,2026-09-28 06:59:35.017,BTSJC,Bao Tin SJC,141400000.0,144400000,,,,1
2026-09-28,06:30:00,2026-09-28 06:59:35.017,DOHCML,DOJI HCM,141400000.0,144400000,,,,1
2026-09-28,06:30:00,2026-09-28 06:59:35.017,DOHNL,DOJI Hanoi,141400000.0,144400000,,,,1
2026-09-28,06:30:00,2026-09-28 06:59:35.017,DOJINHTV,DOJI Jewelry,141500000.0,145500000,,,,1
2026-09-28,06:30:00,2026-09-28 06:59:35.017,PQHN24NTT,PNJ 24K,141400000.0,144400000,,,,1
2026-09-28,06:30:00,2026-09-28 06:59:35.017,PQHNVM,PNJ Hanoi,141400000.0,144400000,,,,1
2026-09-28,06:30:00,2026-09-28 06:59:35.017,SJ9999,SJC Ring,140900000.0,143900000,,,,1
2026-09-28,06:30:00,2026-09-28 06:59:35.017,SJL1L10,SJC 9999,141400000.0,144400000,,,,1
2026-09-28,06:30:00,2026-09-28 06:59:35.017,VIETTINMSJC,Viettin SJC,141400000.0,144400000,,,,1
2026-09-28,06:30:00,2026-09-28 06:59:35.017,VNGSJC,VN Gold SJC,141400000.0,144400000,,,,1
2026-09-28,06:30:00,2026-09-28 06:59:35.017,XAUUSD,World Gold (XAU/USD),4265.5,0,,,,1
2026-09-28,07:30:00,2026-09-28 07:59:35.834,BT9999NTT,Bao Tin 9999,141200000.0,145200000,,,,1
2026-09-28,07:30:00,2026-09-28 07:59:35.834,BTSJC,Bao Tin SJC,141400000.0,144400000,,,,1
2026-09-28,07:30:00,2026-09-28 07:59:35.834,DOHCML,DOJI HCM,141400000.0,144400000,,,,1
2026-09-28,07:30:00,2026-09-28 07:59:35.834,DOHNL,DOJI Hanoi,141400000.0,144400000,,,,1
2026-09-28,07:30:00,2026-09-28 07:59:35.834,DOJINHTV,DOJI Jewelry,141500000.0,145500000,,,,1
2026-09-28,07:30:00,2026-09-28 07:59:35.834,PQHN24NTT,PNJ 24K,141400000.0,144400000,,,,1
2026-09-28,07:30:00,2026-09-28 07:59:35.834,PQHNVM,PNJ Hanoi,141400000.0,144400000,,,,1
2026-09-28,07:30:00,2026-09-28 07:59:35.834,SJ9999,SJC Ring,140900000.0,143900000,,,,1
2026-09-28,07:30:00,2026-09-28 07:59:35.834,SJL1L10,SJC 9999,141400000.0,144400000,,,,1
2026-09-28,07:30:00,2026-09-28 07:59:35.834,VIETTINMSJC,Viettin SJC,141400000.0,144400000,,,,1
2026-09-28,07:30:00,2026-09-28 07:59:35.834,VNGSJC,VN Gold SJC,141400000.0,144400000,,,,1
2026-09-28,07:30:00,2026-09-28 07:59:35.834,XAUUSD,World Gold (XAU/USD),4254.1,0,,,,1
2026-09-28,08:30:00,2026-09-28 08:59:37.359,BT9999NTT,Bao Tin 9999,141200000.0,145200000,,,,1
2026-09-28,08:30:00,2026-09-28 08:59:37.359,BTSJC,Bao Tin SJC,141400000.0,144400000,,,,1
2026-09-28,08:30:00,2026-09-28 08:59:37.359,DOHCML,DOJI HCM,141400000.0,144400000,,,,1
2026-09-28,08:30:00,2026-09-28 08:59:37.359,DOHNL,DOJI Hanoi,141400000.0,144400000,,,,1
2026-09-28,08:30:00,2026-09-28 08:59:37.359,DOJINHTV,DOJI Jewelry,141500000.0,145500000,,,,1
2026-09-28,08:30:00,2026-09-28 08:59:37.359,PQHN24NTT,PNJ 24K,141400000.0,144400000,,,,1
2026-09-28,08:30:00,2026-09-28 08:59:37.359,PQHNVM,PNJ Hanoi,141400000.0,144400000,,,,1
2026-09-28,08:30:00,2026-09-28 08:59:37.359,SJ9999,SJC Ring,140900000.0,143900000,,,,1
2026-09-28,08:30:00,2026-09-28 08:59:37.359,SJL1L10,SJC 9999,141400000.0,144400000,,,,1
2026-09-28,08:30:00,2026-09-28 08:59:37.359,VIETTINMSJC,Viettin SJC,141400000.0,144400000,,,,1
2026-09-28,08:30:00,2026-09-28 08:59:37.359,VNGSJC,VN Gold SJC,141400000.0,144400000,,,,1
2026-09-28,08:30:00,2026-09-28 08:59:37.359,XAUUSD,World Gold (XAU/USD),4219.0,0,,,,1
2026-09-28,09:30:00,2026-09-28 09:59:35.129,BT9999NTT,Bao Tin 9999,140200000.0,144200000,,,,1
2026-09-28,09:30:00,2026-09-28 09:59:35.129,BTSJC,Bao Tin SJC,140200000.0,143400000,,,,1
2026-09-28,09:30:00,2026-09-28 09:59:35.129,DOHCML,DOJI HCM,140400000.0,143400000,,,,1
2026-09-28,09:30:00,2026-09-28 09:59:35.129,DOHNL,DOJI Hanoi,140400000.0,143400000,,,,1
2026-09-28,09:30:00,2026-09-28 09:59:35.129,DOJINHTV,DOJI Jewelry,140200000.0,144200000,,,,1
2026-09-28,09:30:00,2026-09-28 09:59:35.129,PQHN24NTT,PNJ 24K,140400000.0,143400000,,,,1
2026-09-28,09:30:00,2026-09-28 09:59:35.129,PQHNVM,PNJ Hanoi,140400000.0,143400000,,,,1
2026-09-28,09:30:00,2026-09-28 09:59:35.129,SJ9999,SJC Ring,139900000.0,142900000,,,,1
2026-09-28,09:30:00,2026-09-28 09:59:35.129,SJL1L10,SJC 9999,140400000.0,143400000,,,,1
2026-09-28,09:30:00,2026-09-28 09:59:35.129,VIETTINMSJC,Viettin SJC,140400000.0,143400000,,,,1
2026-09-28,09:30:00,2026-09-28 09:59:35.129,VNGSJC,VN Gold SJC,140400000.0,143400000,,,,1
2026-09-28,09:30:00,2026-09-28 09:59:35.129,XAUUSD,World Gold (XAU/USD),4218.1,0,,,,1
2026-09-28,10:30:00,2026-09-28 10:59:35.723,BT9999NTT,Bao Tin 9999,140200000.0,144200000,,,,1
2026-09-28,10:30:00,2026-09-28 10:59:35.723,BTSJC,Bao Tin SJC,140200000.0,143400000,,,,1
2026-09-28,10:30:00,2026-09-28 10:59:35.723,DOHCML,DOJI HCM,140400000.0,143400000,,,,1
2026-09-28,10:30:00,2026-09-28 10:59:35.723,DOHNL,DOJI Hanoi,140400000.0,143400000,,,,1
2026-09-28,10:30:00,2026-09-28 10:59:35.723,DOJINHTV,DOJI Jewelry,140200000.0,144200000,,,,1
2026-09-28,10:30:00,2026-09-28 10:59:35.723,PQHN24NTT,PNJ 24K,140400000.0,143400000,,,,1
2026-09-28,10:30:00,2026-09-28 10:59:35.723,PQHNVM,PNJ Hanoi,140400000.0,143400000,,,,1
2026-09-28,10:30:00,2026-09-28 10:59:35.723,SJ9999,SJC Ring,139900000.0,142900000,,,,1
2026-09-28,10:30:00,2026-09-28 10:59:35.723,SJL1L10,SJC 9999,140400000.0,143400000,,,,1
2026-09-28,10:30:00,2026-09-28 10:59:35.723,VIETTINMSJC,Viettin SJC,140400000.0,143400000,,,,1
2026-09-28,10:30:00,2026-09-28 10:59:35.723,VNGSJC,VN Gold SJC,140400000.0,143400000,,,,1
2026-09-28,10:30:00,2026-09-28 10:59:35.723,XAUUSD,World Gold (XAU/USD),4197.5,0,,,,1
2026-09-28,11:30:00,2026-09-28 11:59:35.846,BT9999NTT,Bao Tin 9999,140100000.0,144100000,,,,1
2026-09-28,11:30:00,2026-09-28 11:59:35.846,BTSJC,Bao Tin SJC,140100000.0,143400000,,,,1
2026-09-28,11:30:00,2026-09-28 11:59:35.846,DOHCML,DOJI HCM,140400000.0,143400000,,,,1
2026-09-28,11:30:00,2026-09-28 11:59:35.846,DOHNL,DOJI Hanoi,140400000.0,143400000,,,,1
2026-09-28,11:30:00,2026-09-28 11:59:35.846,DOJINHTV,DOJI Jewelry,140200000.0,144200000,,,,1
2026-09-28,11:30:00,2026-09-28 11:59:35.846,PQHN24NTT,PNJ 24K,140400000.0,143400000,,,,1
2026-09-28,11:30:00,2026-09-28 11:59:35.846,PQHNVM,PNJ Hanoi,140400000.0,143400000,,,,1
2026-09-28,11:30:00,2026-09-28 11:59:35.846,SJ9999,SJC Ring,139900000.0,142900000,,,,1
2026-09-28,11:30:00,2026-09-28 11:59:35.846,SJL1L10,SJC 9999,140400000.0,143400000,,,,1
2026-09-28,11:30:00,2026-09-28 11:59:35.846,VIETTINMSJC,Viettin SJC,140400000.0,143400000,,,,1
2026-09-28,11:30:00,2026-09-28 11:59:35.846,VNGSJC,VN Gold SJC,140400000.0,143400000,,,,1
2026-09-28,11:30:00,2026-09-28 11:59:35.846,XAUUSD,World Gold (XAU/USD),4198.6,0,,,,1
2026-09-28,12:30:00,2026-09-28 12:59:35.071,BT9999NTT,Bao Tin 9999,140100000.0,144100000,,,,1
2026-09-28,12:30:00,2026-09-28 12:59:35.071,BTSJC,Bao Tin SJC,140100000.0,143400000,,,,1
2026-09-28,12:30:00,2026-09-28 12:59:35.071,DOHCML,DOJI HCM,140400000.0,143400000,,,,1
2026-09-28,12:30:00,2026-09-28 12:59:35.071,DOHNL,DOJI Hanoi,140400000.0,143400000,,,,1
2026-09-28,12:30:00,2026-09-28 12:59:35.071,DOJINHTV,DOJI Jewelry,140200000.0,144200000,,,,1
2026-09-28,12:30:00,2026-09-28 12:59:35.071,PQHN24NTT,PNJ 24K,140400000.0,143400000,,,,1
2026-09-28,12:30:00,2026-09-28 12:59:35.071,PQHNVM,PNJ Hanoi,140400000.0,143400000,,,,1
2026-09-28,12:30:00,2026-09-28 12:59:35.071,SJ9999,SJC Ring,139900000.0,142900000,,,,1
2026-09-28,12:30:00,2026-09-28 12:59:35.071,SJL1L10,SJC 9999,140400000.0,143400000,,,,1
2026-09-28,12:30:00,2026-09-28 12:59:35.071,VIETTINMSJC,Viettin SJC,140400000.0,143400000,,,,1
2026-09-28,12:30:00,2026-09-28 12:59:35.071,VNGSJC,VN Gold SJC,140400000.0,143400000,,,,1
2026-09-28,12:30:00,2026-09-28 12:59:35.071,XAUUSD,World Gold (XAU/USD),4192.7,0,,,,1
2026-09-28,13:30:00,2026-09-28 13:59:34.973,BT9999NTT,Bao Tin 9999,139900000.0,143900000,,,,1
2026-09-28,13:30:00,2026-09-28 13:59:34.973,BTSJC,Bao Tin SJC,139400000.0,142400000,,,,1
2026-09-28,13:30:00,2026-09-28 13:59:34.973,DOHCML,DOJI HCM,140400000.0,143400000,,,,1
2026-09-28,13:30:00,2026-09-28 13:59:34.973,DOHNL,DOJI Hanoi,140400000.0,143400000,,,,1
2026-09-28,13:30:00,2026-09-28 13:59:34.973,DOJINHTV,DOJI Jewelry,140200000.0,144200000,,,,1
2026-09-28,13:30:00,2026-09-28 13:59:34.973,PQHN24NTT,PNJ 24K,139400000.0,142400000,,,,1
2026-09-28,13:30:00,2026-09-28 13:59:34.973,PQHNVM,PNJ Hanoi,139400000.0,142400000,,,,1
2026-09-28,13:30:00,2026-09-28 13:59:34.973,SJ9999,SJC Ring,138900000.0,141900000,,,,1
2026-09-28,13:30:00,2026-09-28 13:59:34.973,SJL1L10,SJC 9999,139400000.0,142400000,,,,1
2026-09-28,13:30:00,2026-09-28 13:59:34.973,VIETTINMSJC,Viettin SJC,140400000.0,143400000,,,,1
2026-09-28,13:30:00,2026-09-28 13:59:34.973,VNGSJC,VN Gold SJC,140400000.0,143400000,,,,1
2026-09-28,13:30:00,2026-09-28 13:59:34.973,XAUUSD,World Gold (XAU/USD),4170.8,0,,,,1
2026-09-28,14:30:00,2026-09-28 14:59:34.994,BT9999NTT,Bao Tin 9999,139700000.0,143700000,,,,1
2026-09-28,14:30:00,2026-09-28 14:59:34.994,BTSJC,Bao Tin SJC,139400000.0,142400000,,,,1
2026-09-28,14:30:00,2026-09-28 14:59:34.994,DOHCML,DOJI HCM,139400000.0,142400000,,,,1
2026-09-28,14:30:00,2026-09-28 14:59:34.994,DOHNL,DOJI Hanoi,139400000.0,142400000,,,,1
2026-09-28,14:30:00,2026-09-28 14:59:34.994,DOJINHTV,DOJI Jewelry,139700000.0,143700000,,,,1
2026-09-28,14:30:00,2026-09-28 14:59:34.994,PQHN24NTT,PNJ 24K,139400000.0,142400000,,,,1
2026-09-28,14:30:00,2026-09-28 14:59:34.994,PQHNVM,PNJ Hanoi,139400000.0,142400000,,,,1
2026-09-28,14:30:00,2026-09-28 14:59:34.994,SJ9999,SJC Ring,138900000.0,141900000,,,,1
2026-09-28,14:30:00,2026-09-28 14:59:34.994,SJL1L10,SJC 9999,139400000.0,142400000,,,,1
2026-09-28,14:30:00,2026-09-28 14:59:34.994,VIETTINMSJC,Viettin SJC,139400000.0,142400000,,,,1
2026-09-28,14:30:00,2026-09-28 14:59:34.994,VNGSJC,VN Gold SJC,140400000.0,143400000,,,,1
2026-09-28,14:30:00,2026-09-28 14:59:34.994,XAUUSD,World Gold (XAU/USD),4160.6,0,,,,1
2026-09-28,15:30:00,2026-09-28 15:59:34.758,BT9999NTT,Bao Tin 9999,139500000.0,143500000,,,,1
2026-09-28,15:30:00,2026-09-28 15:59:34.758,BTSJC,Bao Tin SJC,139400000.0,142400000,,,,1
2026-09-28,15:30:00,2026-09-28 15:59:34.758,DOHCML,DOJI HCM,139400000.0,142400000,,,,1
2026-09-28,15:30:00,2026-09-28 15:59:34.758,DOHNL,DOJI Hanoi,139400000.0,142400000,,,,1
2026-09-28,15:30:00,2026-09-28 15:59:34.758,DOJINHTV,DOJI Jewelry,139700000.0,143700000,,,,1
2026-09-28,15:30:00,2026-09-28 15:59:34.758,PQHN24NTT,PNJ 24K,139400000.0,142400000,,,,1
2026-09-28,15:30:00,2026-09-28 15:59:34.758,PQHNVM,PNJ Hanoi,139400000.0,142400000,,,,1
2026-09-28,15:30:00,2026-09-28 15:59:34.758,SJ9999,SJC Ring,138900000.0,141900000,,,,1
2026-09-28,15:30:00,2026-09-28 15:59:34.758,SJL1L10,SJC 9999,139400000.0,142400000,,,,1
2026-09-28,15:30:00,2026-09-28 15:59:34.758,VIETTINMSJC,Viettin SJC,139400000.0,142400000,,,,1
2026-09-28,15:30:00,2026-09-28 15:59:34.758,VNGSJC,VN Gold SJC,139400000.0,142400000,,,,1
2026-09-28,15:30:00,2026-09-28 15:59:34.758,XAUUSD,World Gold (XAU/USD),4147.8,0,,,,1
2026-09-28,16:30:00,2026-09-28 16:59:35.286,BT9999NTT,Bao Tin 9999,139500000.0,143500000,,,,1
2026-09-28,16:30:00,2026-09-28 16:59:35.286,BTSJC,Bao Tin SJC,139400000.0,142400000,,,,1
2026-09-28,16:30:00,2026-09-28 16:59:35.286,DOHCML,DOJI HCM,139400000.0,142400000,,,,1
2026-09-28,16:30:00,2026-09-28 16:59:35.286,DOHNL,DOJI Hanoi,139400000.0,142400000,,,,1
2026-09-28,16:30:00,2026-09-28 16:59:35.286,DOJINHTV,DOJI Jewelry,139500000.0,143500000,,,,1
2026-09-28,16:30:00,2026-09-28 16:59:35.286,PQHN24NTT,PNJ 24K,139400000.0,142400000,,,,1
2026-09-28,16:30:00,2026-09-28 16:59:35.286,PQHNVM,PNJ Hanoi,139400000.0,142400000,,,,1
2026-09-28,16:30:00,2026-09-28 16:59:35.286,SJ9999,SJC Ring,138900000.0,141900000,,,,1
2026-09-28,16:30:00,2026-09-28 16:59:35.286,SJL1L10,SJC 9999,139400000.0,142400000,,,,1
2026-09-28,16:30:00,2026-09-28 16:59:35.286,VIETTINMSJC,Viettin SJC,139400000.0,142400000,,,,1
2026-09-28,16:30:00,2026-09-28 16:59:35.286,VNGSJC,VN Gold SJC,139400000.0,142400000,,,,1
2026-09-28,16:30:00,2026-09-28 16:59:35.286,XAUUSD,World Gold (XAU/USD),4146.2,0,,,,1
2026-09-28,17:30:00,2026-09-28 17:59:35.545,BT9999NTT,Bao Tin 9999,139500000.0,143500000,,,,1
2026-09-28,17:30:00,2026-09-28 17:59:35.545,BTSJC,Bao Tin SJC,139400000.0,142400000,,,,1
2026-09-28,17:30:00,2026-09-28 17:59:35.545,DOHCML,DOJI HCM,139400000.0,142400000,,,,1
2026-09-28,17:30:00,2026-09-28 17:59:35.545,DOHNL,DOJI Hanoi,139400000.0,142400000,,,,1
2026-09-28,17:30:00,2026-09-28 17:59:35.545,DOJINHTV,DOJI Jewelry,139500000.0,143500000,,,,1
2026-09-28,17:30:00,2026-09-28 17:59:35.545,PQHN24NTT,PNJ 24K,139400000.0,142400000,,,,1
2026-09-28,17:30:00,2026-09-28 17:59:35.545,PQHNVM,PNJ Hanoi,139400000.0,142400000,,,,1
2026-09-28,17:30:00,2026-09-28 17:59:35.545,SJ9999,SJC Ring,138900000.0,141900000,,,,1
2026-09-28,17:30:00,2026-09-28 17:59:35.545,SJL1L10,SJC 9999,139400000.0,142400000,,,,1
2026-09-28,17:30:00,2026-09-28 17:59:35.545,VIETTINMSJC,Viettin SJC,139400000.0,142400000,,,,1
2026-09-28,17:30:00,2026-09-28 17:59:35.545,VNGSJC,VN Gold SJC,139400000.0,142400000,,,,1
2026-09-28,17:30:00,2026-09-28 17:59:35.545,XAUUSD,World Gold (XAU/USD),4158.2,0,,,,1
2026-09-28,18:30:00,2026-09-28 18:59:35.710,BT9999NTT,Bao Tin 9999,139500000.0,143500000,,,,1
2026-09-28,18:30:00,2026-09-28 18:59:35.710,BTSJC,Bao Tin SJC,139400000.0,142400000,,,,1
2026-09-28,18:30:00,2026-09-28 18:59:35.710,DOHCML,DOJI HCM,139400000.0,142400000,,,,1
2026-09-28,18:30:00,2026-09-28 18:59:35.710,DOHNL,DOJI Hanoi,139400000.0,142400000,,,,1
2026-09-28,18:30:00,2026-09-28 18:59:35.710,DOJINHTV,DOJI Jewelry,139500000.0,143500000,,,,1
2026-09-28,18:30:00,2026-09-28 18:59:35.710,PQHN24NTT,PNJ 24K,139400000.0,142400000,,,,1
2026-09-28,18:30:00,2026-09-28 18:59:35.710,PQHNVM,PNJ Hanoi,139400000.0,142400000,,,,1
2026-09-28,18:30:00,2026-09-28 18:59:35.710,SJ9999,SJC Ring,138900000.0,141900000,,,,1
2026-09-28,18:30:00,2026-09-28 18:59:35.710,SJL1L10,SJC 9999,139400000.0,142400000,,,,1
2026-09-28,18:30:00,2026-09-28 18:59:35.710,VIETTINMSJC,Viettin SJC,139400000.0,142400000,,,,1
2026-09-28,18:30:00,2026-09-28 18:59:35.710,VNGSJC,VN Gold SJC,139400000.0,142400000,,,,1
2026-09-28,18:30:00,2026-09-28 18:59:35.710,XAUUSD,World Gold (XAU/USD),4155.3,0,,,,1
2026-09-28,19:30:00,2026-09-28 19:59:35.928,BT9999NTT,Bao Tin 9999,139500000.0,143500000,,,,1
2026-09-28,19:30:00,2026-09-28 19:59:35.928,BTSJC,Bao Tin SJC,139400000.0,142400000,,,,1
2026-09-28,19:30:00,2026-09-28 19:59:35.928,DOHCML,DOJI HCM,139400000.0,142400000,,,,1
2026-09-28,19:30:00,2026-09-28 19:59:35.928,DOHNL,DOJI Hanoi,139400000.0,142400000,,,,1
2026-09-28,19:30:00,2026-09-28 19:59:35.928,DOJINHTV,DOJI Jewelry,139500000.0,143500000,,,,1
2026-09-28,19:30:00,2026-09-28 19:59:35.928,PQHN24NTT,PNJ 24K,139400000.0,142400000,,,,1
2026-09-28,19:30:00,2026-09-28 19:59:35.928,PQHNVM,PNJ Hanoi,139400000.0,142400000,,,,1
2026-09-28,19:30:00,2026-09-28 19:59:35.928,SJ9999,SJC Ring,138900000.0,141900000,,,,1
2026-09-28,19:30:00,2026-09-28 19:59:35.928,SJL1L10,SJC 9999,139400000.0,142400000,,,,1
2026-09-28,19:30:00,2026-09-28 19:59:35.928,VIETTINMSJC,Viettin SJC,139400000.0,142400000,,,,1
2026-09-28,19:30:00,2026-09-28 19:59:35.928,VNGSJC,VN Gold SJC,139400000.0,142400000,,,,1
2026-09-28,19:30:00,2026-09-28 19:59:35.928,XAUUSD,World Gold (XAU/USD),4155.5,0,,,,1
2026-09-28,20:30:00,2026-09-28 20:59:36.530,BT9999NTT,Bao Tin 9999,139500000.0,143500000,,,,1
2026-09-28,20:30:00,2026-09-28 20:59:36.530,BTSJC,Bao Tin SJC,139400000.0,142400000,,,,1
2026-09-28,20:30:00,2026-09-28 20:59:36.530,DOHCML,DOJI HCM,139400000.0,142400000,,,,1
2026-09-28,20:30:00,2026-09-28 20:59:36.530,DOHNL,DOJI Hanoi,139400000.0,142400000,,,,1
2026-09-28,20:30:00,2026-09-28 20:59:36.530,DOJINHTV,DOJI Jewelry,139500000.0,143500000,,,,1
2026-09-28,20:30:00,2026-09-28 20:59:36.530,PQHN24NTT,PNJ 24K,139400000.0,142400000,,,,1
2026-09-28,20:30:00,2026-09-28 20:59:36.530,PQHNVM,PNJ Hanoi,139400000.0,142400000,,,,1
2026-09-28,20:30:00,2026-09-28 20:59:36.530,SJ9999,SJC Ring,138900000.0,141900000,,,,1
2026-09-28,20:30:00,2026-09-28 20:59:36.530,SJL1L10,SJC 9999,139400000.0,142400000,,,,1
2026-09-28,20:30:00,2026-09-28 20:59:36.530,VIETTINMSJC,Viettin SJC,139400000.0,142400000,,,,1
2026-09-28,20:30:00,2026-09-28 20:59:36.530,VNGSJC,VN Gold SJC,139400000.0,142400000,,,,1
2026-09-28,20:30:00,2026-09-28 20:59:36.530,XAUUSD,World Gold (XAU/USD),4145.6,0,,,,1
2026-09-28,21:30:00,2026-09-28 21:59:34.920,BT9999NTT,Bao Tin 9999,139500000.0,143500000,,,,1
2026-09-28,21:30:00,2026-09-28 21:59:34.920,BTSJC,Bao Tin SJC,139400000.0,142400000,,,,1
2026-09-28,21:30:00,2026-09-28 21:59:34.920,DOHCML,DOJI HCM,139400000.0,142400000,,,,1
2026-09-28,21:30:00,2026-09-28 21:59:34.920,DOHNL,DOJI Hanoi,139400000.0,142400000,,,,1
2026-09-28,21:30:00,2026-09-28 21:59:34.920,DOJINHTV,DOJI Jewelry,139500000.0,143500000,,,,1
2026-09-28,21:30:00,2026-09-28 21:59:34.920,PQHN24NTT,PNJ 24K,139400000.0,142400000,,,,1
2026-09-28,21:30:00,2026-09-28 21:59:34.920,PQHNVM,PNJ Hanoi,139400000.0,142400000,,,,1
2026-09-28,21:30:00,2026-09-28 21:59:34.920,SJ9999,SJC Ring,138900000.0,141900000,,,,1
2026-09-28,21:30:00,2026-09-28 21:59:34.920,SJL1L10,SJC 9999,139400000.0,142400000,,,,1
2026-09-28,21:30:00,2026-09-28 21:59:34.920,VIETTINMSJC,Viettin SJC,139400000.0,142400000,,,,1
2026-09-28,21:30:00,2026-09-28 21:59:34.920,VNGSJC,VN Gold SJC,139400000.0,142400000,,,,1
2026-09-28,21:30:00,2026-09-28 21:59:34.920,XAUUSD,World Gold (XAU/USD),4142.2,0,,,,1
