Ngày,Thời điểm cập nhật giá mới,Mã vàng,Loại vàng,Giá mua (VND/lượng),Giá bán (VND/lượng),Tỷ giá USD/VND,Chênh lệch giá VN – TG,Tỷ lệ chênh lệch (%),Chênh lệch giá mua (VND/lượng),Chênh lệch giá bán (VND/lượng)
2026-10-10,00:30:00,BT9999NTT,Bao Tin 9999,139900000.0,143800000.0,25855.721426,143800000.0,,,
2026-10-10,00:30:00,BTSJC,Bao Tin SJC,139900000.0,144800000.0,25855.721426,144800000.0,,,
2026-10-10,00:30:00,DOHCML,DOJI HCM,141800000.0,144800000.0,25855.721426,144800000.0,,,
2026-10-10,00:30:00,DOHNL,DOJI Hanoi,141800000.0,144800000.0,25855.721426,144800000.0,,,
2026-10-10,00:30:00,DOJINHTV,DOJI Jewelry,140300000.0,144300000.0,25855.721426,144300000.0,,,
2026-10-10,00:30:00,PQHN24NTT,PNJ 24K,141000000.0,144200000.0,25855.721426,144200000.0,,,
2026-10-10,00:30:00,PQHNVM,PNJ Hanoi,141000000.0,144800000.0,25855.721426,144800000.0,,,
2026-10-10,00:30:00,SJ9999,SJC Ring,141300000.0,144300000.0,25855.721426,144300000.0,,,
2026-10-10,00:30:00,SJL1L10,SJC 9999,141800000.0,144800000.0,25855.721426,144800000.0,,,
2026-10-10,00:30:00,VIETTINMSJC,Viettin SJC,141800000.0,144800000.0,25855.721426,144800000.0,,,
2026-10-10,00:30:00,VNGSJC,VN Gold SJC,141800000.0,144800000.0,25855.721426,144800000.0,,,
2026-10-10,00:30:00,XAUUSD,World Gold (XAU/USD),130711623.75,0.0,25855.721426,,,,
2026-10-10,01:30:00,BT9999NTT,Bao Tin 9999,139900000.0,143800000.0,25855.721426,143800000.0,,0.0,0.0
2026-10-10,01:30:00,BTSJC,Bao Tin SJC,139900000.0,144800000.0,25855.721426,144800000.0,,0.0,0.0
2026-10-10,01:30:00,DOHCML,DOJI HCM,141800000.0,144800000.0,25855.721426,144800000.0,,0.0,0.0
2026-10-10,01:30:00,DOHNL,DOJI Hanoi,141800000.0,144800000.0,25855.721426,144800000.0,,0.0,0.0
2026-10-10,01:30:00,DOJINHTV,DOJI Jewelry,140300000.0,144300000.0,25855.721426,144300000.0,,0.0,0.0
2026-10-10,01:30:00,PQHN24NTT,PNJ 24K,141000000.0,144200000.0,25855.721426,144200000.0,,0.0,0.0
2026-10-10,01:30:00,PQHNVM,PNJ Hanoi,141000000.0,144800000.0,25855.721426,144800000.0,,0.0,0.0
2026-10-10,01:30:00,SJ9999,SJC Ring,141300000.0,144300000.0,25855.721426,144300000.0,,0.0,0.0
2026-10-10,01:30:00,SJL1L10,SJC 9999,141800000.0,144800000.0,25855.721426,144800000.0,,0.0,0.0
2026-10-10,01:30:00,VIETTINMSJC,Viettin SJC,141800000.0,144800000.0,25855.721426,144800000.0,,0.0,0.0
2026-10-10,01:30:00,VNGSJC,VN Gold SJC,141800000.0,144800000.0,25855.721426,144800000.0,,0.0,0.0
2026-10-10,01:30:00,XAUUSD,World Gold (XAU/USD),130830081.25,0.0,25855.721426,,,118457.51,0.0
2026-10-10,02:30:00,BT9999NTT,Bao Tin 9999,139900000.0,143800000.0,25855.721426,143800000.0,,0.0,0.0
2026-10-10,02:30:00,BTSJC,Bao Tin SJC,139900000.0,144800000.0,25855.721426,144800000.0,,0.0,0.0
2026-10-10,02:30:00,DOHCML,DOJI HCM,141800000.0,144800000.0,25855.721426,144800000.0,,0.0,0.0
2026-10-10,02:30:00,DOHNL,DOJI Hanoi,141800000.0,144800000.0,25855.721426,144800000.0,,0.0,0.0
2026-10-10,02:30:00,DOJINHTV,DOJI Jewelry,140300000.0,144300000.0,25855.721426,144300000.0,,0.0,0.0
2026-10-10,02:30:00,PQHN24NTT,PNJ 24K,141000000.0,144200000.0,25855.721426,144200000.0,,0.0,0.0
2026-10-10,02:30:00,PQHNVM,PNJ Hanoi,141000000.0,144800000.0,25855.721426,144800000.0,,0.0,0.0
2026-10-10,02:30:00,SJ9999,SJC Ring,141300000.0,144300000.0,25855.721426,144300000.0,,0.0,0.0
2026-10-10,02:30:00,SJL1L10,SJC 9999,141800000.0,144800000.0,25855.721426,144800000.0,,0.0,0.0
2026-10-10,02:30:00,VIETTINMSJC,Viettin SJC,141800000.0,144800000.0,25855.721426,144800000.0,,0.0,0.0
2026-10-10,02:30:00,VNGSJC,VN Gold SJC,141800000.0,144800000.0,25855.721426,144800000.0,,0.0,0.0
2026-10-10,02:30:00,XAUUSD,World Gold (XAU/USD),130783321.71,0.0,25855.721426,,,-46759.54,0.0
2026-10-10,03:30:00,BT9999NTT,Bao Tin 9999,139900000.0,143800000.0,25855.721426,143800000.0,,0.0,0.0
2026-10-10,03:30:00,BTSJC,Bao Tin SJC,139900000.0,144800000.0,25855.721426,144800000.0,,0.0,0.0
2026-10-10,03:30:00,DOHCML,DOJI HCM,141800000.0,144800000.0,25855.721426,144800000.0,,0.0,0.0
2026-10-10,03:30:00,DOHNL,DOJI Hanoi,141800000.0,144800000.0,25855.721426,144800000.0,,0.0,0.0
2026-10-10,03:30:00,DOJINHTV,DOJI Jewelry,140300000.0,144300000.0,25855.721426,144300000.0,,0.0,0.0
2026-10-10,03:30:00,PQHN24NTT,PNJ 24K,141000000.0,144200000.0,25855.721426,144200000.0,,0.0,0.0
2026-10-10,03:30:00,PQHNVM,PNJ Hanoi,141000000.0,144800000.0,25855.721426,144800000.0,,0.0,0.0
2026-10-10,03:30:00,SJ9999,SJC Ring,141300000.0,144300000.0,25855.721426,144300000.0,,0.0,0.0
2026-10-10,03:30:00,SJL1L10,SJC 9999,141800000.0,144800000.0,25855.721426,144800000.0,,0.0,0.0
2026-10-10,03:30:00,VIETTINMSJC,Viettin SJC,141800000.0,144800000.0,25855.721426,144800000.0,,0.0,0.0
2026-10-10,03:30:00,VNGSJC,VN Gold SJC,141800000.0,144800000.0,25855.721426,144800000.0,,0.0,0.0
2026-10-10,03:30:00,XAUUSD,World Gold (XAU/USD),130842550.46,0.0,25855.721426,,,59228.75,0.0
2026-10-10,04:30:00,BT9999NTT,Bao Tin 9999,139900000.0,143800000.0,25855.721426,143800000.0,,0.0,0.0
2026-10-10,04:30:00,BTSJC,Bao Tin SJC,139900000.0,144800000.0,25855.721426,144800000.0,,0.0,0.0
2026-10-10,04:30:00,DOHCML,DOJI HCM,141800000.0,144800000.0,25855.721426,144800000.0,,0.0,0.0
2026-10-10,04:30:00,DOHNL,DOJI Hanoi,141800000.0,144800000.0,25855.721426,144800000.0,,0.0,0.0
2026-10-10,04:30:00,DOJINHTV,DOJI Jewelry,140300000.0,144300000.0,25855.721426,144300000.0,,0.0,0.0
2026-10-10,04:30:00,PQHN24NTT,PNJ 24K,141000000.0,144200000.0,25855.721426,144200000.0,,0.0,0.0
2026-10-10,04:30:00,PQHNVM,PNJ Hanoi,141000000.0,144800000.0,25855.721426,144800000.0,,0.0,0.0
2026-10-10,04:30:00,SJ9999,SJC Ring,141300000.0,144300000.0,25855.721426,144300000.0,,0.0,0.0
2026-10-10,04:30:00,SJL1L10,SJC 9999,141800000.0,144800000.0,25855.721426,144800000.0,,0.0,0.0
2026-10-10,04:30:00,VIETTINMSJC,Viettin SJC,141800000.0,144800000.0,25855.721426,144800000.0,,0.0,0.0
2026-10-10,04:30:00,VNGSJC,VN Gold SJC,141800000.0,144800000.0,25855.721426,144800000.0,,0.0,0.0
2026-10-10,04:30:00,XAUUSD,World Gold (XAU/USD),130789556.32,0.0,25855.721426,,,-52994.15,0.0
2026-10-10,11:30:00,BT9999NTT,Bao Tin 9999,139800000.0,143700000.0,25855.721426,143700000.0,,-100000.0,-100000.0
2026-10-10,11:30:00,BTSJC,Bao Tin SJC,139800000.0,144800000.0,25855.721426,144800000.0,,-100000.0,0.0
2026-10-10,11:30:00,DOHCML,DOJI HCM,141800000.0,144800000.0,25855.721426,144800000.0,,0.0,0.0
2026-10-10,11:30:00,DOHNL,DOJI Hanoi,141800000.0,144800000.0,25855.721426,144800000.0,,0.0,0.0
2026-10-10,11:30:00,DOJINHTV,DOJI Jewelry,140300000.0,144300000.0,25855.721426,144300000.0,,0.0,0.0
2026-10-10,11:30:00,PQHN24NTT,PNJ 24K,141000000.0,144200000.0,25855.721426,144200000.0,,0.0,0.0
2026-10-10,11:30:00,PQHNVM,PNJ Hanoi,141000000.0,144800000.0,25855.721426,144800000.0,,0.0,0.0
2026-10-10,11:30:00,SJ9999,SJC Ring,141300000.0,144300000.0,25855.721426,144300000.0,,0.0,0.0
2026-10-10,11:30:00,SJL1L10,SJC 9999,141800000.0,144800000.0,25855.721426,144800000.0,,0.0,0.0
2026-10-10,11:30:00,VIETTINMSJC,Viettin SJC,141800000.0,144800000.0,25855.721426,144800000.0,,0.0,0.0
2026-10-10,11:30:00,VNGSJC,VN Gold SJC,141800000.0,144800000.0,25855.721426,144800000.0,,0.0,0.0
2026-10-10,11:30:00,XAUUSD,World Gold (XAU/USD),130789556.32,0.0,25855.721426,,,0.0,0.0
2026-10-10,15:30:00,BT9999NTT,Bao Tin 9999,139700000.0,143600000.0,25855.721426,143600000.0,,-100000.0,-100000.0
2026-10-10,15:30:00,BTSJC,Bao Tin SJC,139700000.0,144800000.0,25855.721426,144800000.0,,-100000.0,0.0
2026-10-10,15:30:00,DOHCML,DOJI HCM,141800000.0,144800000.0,25855.721426,144800000.0,,0.0,0.0
2026-10-10,15:30:00,DOHNL,DOJI Hanoi,141800000.0,144800000.0,25855.721426,144800000.0,,0.0,0.0
2026-10-10,15:30:00,DOJINHTV,DOJI Jewelry,140300000.0,144300000.0,25855.721426,144300000.0,,0.0,0.0
2026-10-10,15:30:00,PQHN24NTT,PNJ 24K,141000000.0,144200000.0,25855.721426,144200000.0,,0.0,0.0
2026-10-10,15:30:00,PQHNVM,PNJ Hanoi,141000000.0,144800000.0,25855.721426,144800000.0,,0.0,0.0
2026-10-10,15:30:00,SJ9999,SJC Ring,141300000.0,144300000.0,25855.721426,144300000.0,,0.0,0.0
2026-10-10,15:30:00,SJL1L10,SJC 9999,141800000.0,144800000.0,25855.721426,144800000.0,,0.0,0.0
2026-10-10,15:30:00,VIETTINMSJC,Viettin SJC,141800000.0,144800000.0,25855.721426,144800000.0,,0.0,0.0
2026-10-10,15:30:00,VNGSJC,VN Gold SJC,141800000.0,144800000.0,25855.721426,144800000.0,,0.0,0.0
2026-10-10,15:30:00,XAUUSD,World Gold (XAU/USD),130789556.32,0.0,25855.721426,,,0.0,0.0
2026-10-10,17:30:00,BT9999NTT,Bao Tin 9999,139600000.0,143600000.0,25855.721426,143600000.0,,-100000.0,0.0
2026-10-10,17:30:00,BTSJC,Bao Tin SJC,141000000.0,144800000.0,25855.721426,144800000.0,,1300000.0,0.0
2026-10-10,17:30:00,DOHCML,DOJI HCM,141800000.0,144800000.0,25855.721426,144800000.0,,0.0,0.0
2026-10-10,17:30:00,DOHNL,DOJI Hanoi,141800000.0,144800000.0,25855.721426,144800000.0,,0.0,0.0
2026-10-10,17:30:00,DOJINHTV,DOJI Jewelry,140300000.0,144300000.0,25855.721426,144300000.0,,0.0,0.0
2026-10-10,17:30:00,PQHN24NTT,PNJ 24K,141000000.0,144200000.0,25855.721426,144200000.0,,0.0,0.0
2026-10-10,17:30:00,PQHNVM,PNJ Hanoi,141000000.0,144800000.0,25855.721426,144800000.0,,0.0,0.0
2026-10-10,17:30:00,SJ9999,SJC Ring,141300000.0,144300000.0,25855.721426,144300000.0,,0.0,0.0
2026-10-10,17:30:00,SJL1L10,SJC 9999,141800000.0,144800000.0,25855.721426,144800000.0,,0.0,0.0
2026-10-10,17:30:00,VIETTINMSJC,Viettin SJC,141800000.0,144800000.0,25855.721426,144800000.0,,0.0,0.0
2026-10-10,17:30:00,VNGSJC,VN Gold SJC,141800000.0,144800000.0,25855.721426,144800000.0,,0.0,0.0
2026-10-10,17:30:00,XAUUSD,World Gold (XAU/USD),130789556.32,0.0,25855.721426,,,0.0,0.0
2026-10-11,00:00:00,BT9999NTT,Bao Tin 9999,139600000.0,143600000.0,25855.721426,143600000.0,,0.0,0.0
2026-10-11,00:00:00,BTSJC,Bao Tin SJC,141000000.0,144800000.0,25855.721426,144800000.0,,0.0,0.0
2026-10-11,00:00:00,DOHCML,DOJI HCM,141800000.0,144800000.0,25855.721426,144800000.0,,0.0,0.0
2026-10-11,00:00:00,DOHNL,DOJI Hanoi,141800000.0,144800000.0,25855.721426,144800000.0,,0.0,0.0
2026-10-11,00:00:00,DOJINHTV,DOJI Jewelry,140300000.0,144300000.0,25855.721426,144300000.0,,0.0,0.0
2026-10-11,00:00:00,PQHN24NTT,PNJ 24K,141000000.0,144200000.0,25855.721426,144200000.0,,0.0,0.0
2026-10-11,00:00:00,PQHNVM,PNJ Hanoi,141000000.0,144800000.0,25855.721426,144800000.0,,0.0,0.0
2026-10-11,00:00:00,SJ9999,SJC Ring,141300000.0,144300000.0,25855.721426,144300000.0,,0.0,0.0
2026-10-11,00:00:00,SJL1L10,SJC 9999,141800000.0,144800000.0,25855.721426,144800000.0,,0.0,0.0
2026-10-11,00:00:00,VIETTINMSJC,Viettin SJC,141800000.0,144800000.0,25855.721426,144800000.0,,0.0,0.0
2026-10-11,00:00:00,VNGSJC,VN Gold SJC,141800000.0,144800000.0,25855.721426,144800000.0,,0.0,0.0
2026-10-11,00:00:00,XAUUSD,World Gold (XAU/USD),130789556.32,0.0,25855.721426,,,0.0,0.0
